path,bytes,words,title,h1,description,canonical,refresh,in_sitemap
404.html,3709,64,Сторінку не знайдено | YOURECO Довідник,Сторінку не знайдено,"Сторінку не знайдено. Перейдіть на головну сторінку YOURECO Довідника або оберіть основний розділ про утилізацію, переробку, сортування, логістику чи документи.",https://guide.youreco.com.ua/404.html,,no
articles/index.html,5004,196,Перенаправлення до головної сторінки — YOURECO,Перенаправлення до головної сторінки,"Службова сторінка перенаправляє до головної сторінки довідника YOURECO з основними розділами про утилізацію, переробку й документи.",https://guide.youreco.com.ua/,0; url=/,no
dokumenty-dlya-utylizaciyi-vidhodiv.html,8128,485,Службова сторінка: документи для утилізації відходів | YOURECO,Документи для утилізації відходів,"Довідка для підприємств про «документи для утилізації відходів»: що включає, як підготувати партію, правила зберігання, логістика, документи та типові помилки.",https://guide.youreco.com.ua/dokumenty-dlya-utylizaciyi-vidhodiv.html,,no
kontakty.html,10124,356,Контакти — Довідник YOURECO,"Контакти
             довідник YOURECO","Контакти YOURECO: телефони, email, месенджери, адреса офісу та виробничі майданчики. Коротка довідка про компанію та реквізити.",https://guide.youreco.com.ua/kontakty.html,,no
kudy-zdaty-avtoshyn.html,3841,129,Куди здати автошини — Довідник YOURECO,Куди здати автошини,"Практичний гайд про те, куди здати автошини, як підготувати передачу, які документи потрібні та на що звернути увагу.",https://guide.youreco.com.ua/utylizaciya-avtoshyn.html,0; url=/utylizaciya-avtoshyn.html,no
kudy-zdaty-budivelnyh-vidhodiv.html,4217,140,Куди здати будівельні відходи — Довідник YOURECO,Куди здати будівельні відходи,"Практичний гайд про те, куди здати будівельні відходи, як підготувати передачу, які документи потрібні та на що звернути увагу.",https://guide.youreco.com.ua/utylizaciya-budivelnyh-vidhodiv.html,0; url=/utylizaciya-budivelnyh-vidhodiv.html,no
kudy-zdaty-derevyny-z-budivnyctva.html,4226,138,Куди здати деревину з будівництва — Довідник YOURECO,Куди здати деревину з будівництва,"Практичний гайд про те, куди здати деревину з будівництва, як підготувати передачу, які документи потрібні та на що звернути увагу.",https://guide.youreco.com.ua/utylizaciya-derevyny-z-budivnyctva.html,0; url=/utylizaciya-derevyny-z-budivnyctva.html,no
kudy-zdaty-dokumentiv.html,4086,136,Куди здати документи — Довідник YOURECO,Куди здати документи,"Практичний гайд про те, куди здати документи, як підготувати передачу, які документи потрібні та на що звернути увагу.",https://guide.youreco.com.ua/utylizaciya-dokumentiv.html,0; url=/utylizaciya-dokumentiv.html,no
kudy-zdaty-energetychnyh-napoyiv.html,4221,145,Куди здати енергетичні напої — Довідник YOURECO,Куди здати енергетичні напої,"Практичний гайд про те, куди здати енергетичні напої, як підготувати передачу, які документи потрібні та на що звернути увагу.",https://guide.youreco.com.ua/utylizaciya-energetychnyh-napoyiv.html,0; url=/utylizaciya-energetychnyh-napoyiv.html,no
kudy-zdaty-fruktiv-ta-ovochiv.html,4120,142,Куди здати фрукти та овочі — Довідник YOURECO,Куди здати фрукти та овочі,"Практичний гайд про те, куди здати фрукти та овочі, як підготувати передачу, які документи потрібні та на що звернути увагу.",https://guide.youreco.com.ua/utylizaciya-fruktiv-ta-ovochiv.html,0; url=/utylizaciya-fruktiv-ta-ovochiv.html,no
kudy-zdaty-fruktiv.html,3934,135,Куди здати фрукти — Довідник YOURECO,Куди здати фрукти,"Практичний гайд про те, куди здати фрукти, як підготувати передачу, які документи потрібні та на що звернути увагу.",https://guide.youreco.com.ua/utylizaciya-fruktiv.html,0; url=/utylizaciya-fruktiv.html,no
kudy-zdaty-gazovanyh-napoyiv.html,4095,137,Куди здати газовані напої — Довідник YOURECO,Куди здати газовані напої,"Практичний гайд про те, куди здати газовані напої, як підготувати передачу, які документи потрібні та на що звернути увагу.",https://guide.youreco.com.ua/utylizaciya-gazovanyh-napoyiv.html,0; url=/utylizaciya-gazovanyh-napoyiv.html,no
kudy-zdaty-gipsokartonu.html,4171,139,Перенаправлення... — Довідник YOURECO,Перенаправлення...,"Службова сторінка перенаправлення для запиту щодо гіпсокартону: веде на канонічну сторінку утилізації, містить noindex і не входить до sitemap.",https://guide.youreco.com.ua/utylizaciya-gipsokartonu.html,0; url=/utylizaciya-gipsokartonu.html,no
kudy-zdaty-harchovyh-produktiv.html,4275,148,Куди здати харчові продукти — Довідник YOURECO,Куди здати харчові продукти,"Практичний гайд про те, куди здати харчові продукти, як підготувати передачу, які документи потрібні та на що звернути увагу.",https://guide.youreco.com.ua/utylizaciya-harchovyh-produktiv.html,0; url=/utylizaciya-harchovyh-produktiv.html,no
kudy-zdaty-kabelyu-ta-drotiv.html,4246,153,Куди здати кабель та дроти — Довідник YOURECO,Куди здати кабель та дроти,"Практичний гайд про те, куди здати кабель та дроти, як підготувати передачу, які документи потрібні та на що звернути увагу.",https://guide.youreco.com.ua/utylizaciya-kabelyu-ta-drotiv.html,0; url=/utylizaciya-kabelyu-ta-drotiv.html,no
kudy-zdaty-kondyterskyh-vyrobiv.html,4312,149,Куди здати кондитерські вироби — Довідник YOURECO,Куди здати кондитерські вироби,"Практичний гайд про те, куди здати кондитерські вироби, як підготувати передачу, які документи потрібні та на що звернути увагу.",https://guide.youreco.com.ua/utylizaciya-kondyterskyh-vyrobiv.html,0; url=/utylizaciya-kondyterskyh-vyrobiv.html,no
kudy-zdaty-konserviv.html,4100,151,Куди здати консерви — Довідник YOURECO,Куди здати консерви,"Практичний гайд про те, куди здати консерви, як підготувати передачу, які документи потрібні та на що звернути увагу.",https://guide.youreco.com.ua/utylizaciya-konserviv.html,0; url=/utylizaciya-konserviv.html,no
kudy-zdaty-kosmetiki.html,4240,146,Редирект: косметика kosmetiki | YOURECO,Перенаправлення із застарілої адреси,Службова сторінка для альтернативної адреси kosmetiki перенаправляє на матеріал про утилізацію косметики.,https://guide.youreco.com.ua/utylizaciya-kosmetyky.html,0; url=/utylizaciya-kosmetyky.html,no
kudy-zdaty-kosmetyky-magazyniv.html,4316,153,Куди здати косметику з магазинів — Довідник YOURECO,Куди здати косметику з магазинів,"Практичний гайд про те, куди здати косметику з магазинів, як підготувати передачу, які документи потрібні та на що звернути увагу.",https://guide.youreco.com.ua/utylizaciya-kosmetyky-magazyniv.html,0; url=/utylizaciya-kosmetyky-magazyniv.html,no
kudy-zdaty-kosmetyky.html,4223,144,Редирект: косметика kosmetyky | YOURECO,Перенаправлення із застарілої адреси,Службова сторінка для української транслітерації kosmetyky перенаправляє на матеріал про утилізацію косметики.,https://guide.youreco.com.ua/utylizaciya-kosmetyky.html,0; url=/utylizaciya-kosmetyky.html,no
kudy-zdaty-li-ion-batarej.html,4158,156,Куди здати Li-ion батареї — Довідник YOURECO,Куди здати Li-ion батареї,"Практичний гайд про те, куди здати Li-ion батареї, як підготувати передачу, які документи потрібні та на що звернути увагу.",https://guide.youreco.com.ua/utylizaciya-li-ion-batarej.html,0; url=/utylizaciya-li-ion-batarej.html,no
kudy-zdaty-materialiv.html,4155,146,Куди здати матеріали — Довідник YOURECO,Куди здати матеріали,"Практичний гайд про те, куди здати матеріали, як підготувати передачу, які документи потрібні та на що звернути увагу.",https://guide.youreco.com.ua/utylizaciya-materialiv.html,0; url=/utylizaciya-materialiv.html,no
kudy-zdaty-metalevoyi-strushky.html,4292,149,Куди здати металеву стружку — Довідник YOURECO,Куди здати металеву стружку,"Практичний гайд про те, куди здати металеву стружку, як підготувати передачу, які документи потрібні та на що звернути увагу.",https://guide.youreco.com.ua/utylizaciya-metalevoyi-strushky.html,0; url=/utylizaciya-metalevoyi-strushky.html,no
kudy-zdaty-metalu.html,4037,142,Куди здати метал — Довідник YOURECO,Куди здати метал,"Практичний гайд про те, куди здати метал, як підготувати передачу, які документи потрібні та на що звернути увагу.",https://guide.youreco.com.ua/utylizaciya-metalu.html,0; url=/utylizaciya-metalu.html,no
kudy-zdaty-molochnyh-produktiv.html,4272,149,Куди здати молочні продукти — Довідник YOURECO,Куди здати молочні продукти,"Практичний гайд про те, куди здати молочні продукти, як підготувати передачу, які документи потрібні та на що звернути увагу.",https://guide.youreco.com.ua/utylizaciya-molochnyh-produktiv.html,0; url=/utylizaciya-molochnyh-produktiv.html,no
kudy-zdaty-myasnyh-produktiv.html,4274,151,Куди здати м’ясні продукти — Довідник YOURECO,Куди здати м’ясні продукти,"Практичний гайд про те, куди здати м’ясні продукти, як підготувати передачу, які документи потрібні та на що звернути увагу.",https://guide.youreco.com.ua/utylizaciya-myasnyh-produktiv.html,0; url=/utylizaciya-myasnyh-produktiv.html,no
kudy-zdaty-napivfabrykatyv.html,4222,144,Куди здати напівфабрикати — Довідник YOURECO,Куди здати напівфабрикати,"Практичний гайд про те, куди здати напівфабрикати, як підготувати передачу, які документи потрібні та на що звернути увагу.",https://guide.youreco.com.ua/utylizaciya-napivfabrykatyv.html,0; url=/utylizaciya-napivfabrykatyv.html,no
kudy-zdaty-napoyiv.html,4008,138,Куди здати напої — Довідник YOURECO,Куди здати напої,"Практичний гайд про те, куди здати напої, як підготувати передачу, які документи потрібні та на що звернути увагу.",https://guide.youreco.com.ua/utylizaciya-napoyiv.html,0; url=/utylizaciya-napoyiv.html,no
kudy-zdaty-nekondicijnoyi-sirovini.html,4354,142,Куди здати некондиційну сировину — Довідник YOURECO,Куди здати некондиційну сировину,"Практичний гайд про те, куди здати некондиційну сировину, як підготувати передачу, які документи потрібні та на що звернути увагу.",https://guide.youreco.com.ua/utylizaciya-nekondicijnoyi-sirovini.html,0; url=/utylizaciya-nekondicijnoyi-sirovini.html,no
kudy-zdaty-nekondyciynoyi-produkciyi.html,4385,144,Куди здати некондиційну продукцію — Довідник YOURECO,Куди здати некондиційну продукцію,"Практичний гайд про те, куди здати некондиційну продукцію, як підготувати передачу, які документи потрібні та на що звернути увагу.",https://guide.youreco.com.ua/utylizaciya-nekondyciynoyi-produkciyi.html,0; url=/utylizaciya-nekondyciynoyi-produkciyi.html,no
kudy-zdaty-obladnannya.html,4095,134,Куди здати обладнання — Довідник YOURECO,Куди здати обладнання,"Практичний гайд про те, куди здати обладнання, як підготувати передачу, які документи потрібні та на що звернути увагу.",https://guide.youreco.com.ua/utylizaciya-obladnannya.html,0; url=/utylizaciya-obladnannya.html,no
kudy-zdaty-odyagu-vzuttya.html,4192,157,Куди здати одяг та взуття — Довідник YOURECO,Куди здати одяг та взуття,"Практичний гайд про те, куди здати одяг та взуття, як підготувати передачу, які документи потрібні та на що звернути увагу.",https://guide.youreco.com.ua/utylizaciya-odyagu-vzuttya.html,0; url=/utylizaciya-odyagu-vzuttya.html,no
kudy-zdaty-ofisnih-mebliv-orgtehniki.html,4482,152,Куди здати офісні меблі та оргтехніку — Довідник YOURECO,Куди здати офісні меблі та оргтехніку,"Практичний гайд про те, куди здати офісні меблі та оргтехніку, як підготувати передачу, які документи потрібні та на що звернути увагу.",https://guide.youreco.com.ua/utylizaciya-ofisnih-mebliv-orgtehniki.html,0; url=/utylizaciya-ofisnih-mebliv-orgtehniki.html,no
kudy-zdaty-ovochiv.html,3947,133,Куди здати овочі — Довідник YOURECO,Куди здати овочі,"Практичний гайд про те, куди здати овочі, як підготувати передачу, які документи потрібні та на що звернути увагу.",https://guide.youreco.com.ua/utylizaciya-ovochiv.html,0; url=/utylizaciya-ovochiv.html,no
kudy-zdaty-paperu-ta-kartonu.html,4169,149,Куди здати папір та картон — Довідник YOURECO,Куди здати папір та картон,"Практичний гайд про те, куди здати папір та картон, як підготувати передачу, які документи потрібні та на що звернути увагу.",https://guide.youreco.com.ua/utylizaciya-paperu-ta-kartonu.html,0; url=/utylizaciya-paperu-ta-kartonu.html,no
kudy-zdaty-parfumeriyi.html,4054,137,Куди здати парфумерію — Довідник YOURECO,Куди здати парфумерію,"Практичний гайд про те, куди здати парфумерію, як підготувати передачу, які документи потрібні та на що звернути увагу.",https://guide.youreco.com.ua/utylizaciya-parfumeriyi.html,0; url=/utylizaciya-parfumeriyi.html,no
kudy-zdaty-partiyi-produktiv.html,4212,140,Куди здати партії продуктів — Довідник YOURECO,Куди здати партії продуктів,"Практичний гайд про те, куди здати партії продуктів, як підготувати передачу, які документи потрібні та на що звернути увагу.",https://guide.youreco.com.ua/utylizaciya-partiyi-produktiv.html,0; url=/utylizaciya-partiyi-produktiv.html,no
kudy-zdaty-paverbankiv-dbj.html,4514,153,Куди здати павербанки та ДБЖ — Довідник YOURECO,Куди здати павербанки та ДБЖ,"Практичний гайд про те, куди здати павербанки та ДБЖ, як підготувати передачу, які документи потрібні та на що звернути увагу.",https://guide.youreco.com.ua/utylizaciya-paverbankiv-dbj.html,0; url=/utylizaciya-paverbankiv-dbj.html,no
kudy-zdaty-plastyku-ta-polimeriv.html,4253,147,Куди здати пластик та полімери — Довідник YOURECO,Куди здати пластик та полімери,"Практичний гайд про те, куди здати пластик та полімери, як підготувати передачу, які документи потрібні та на що звернути увагу.",https://guide.youreco.com.ua/utylizaciya-plastyku-ta-polimeriv.html,0; url=/utylizaciya-plastyku-ta-polimeriv.html,no
kudy-zdaty-produktiv-harchuvannya-napoyiv.html,4414,147,Куди здати продукти харчування та напої — Довідник YOURECO,Куди здати продукти харчування та напої,"Практичний гайд про те, куди здати продукти харчування та напої, як підготувати передачу, які документи потрібні та на що звернути увагу.",https://guide.youreco.com.ua/utylizaciya-produktiv-harchuvannya-napoyiv.html,0; url=/utylizaciya-produktiv-harchuvannya-napoyiv.html,no
kudy-zdaty-produktiv-na-skladi.html,4160,137,Куди здати продукти на складі — Довідник YOURECO,Куди здати продукти на складі,"Практичний гайд про те, куди здати продукти на складі, як підготувати передачу, які документи потрібні та на що звернути увагу.",https://guide.youreco.com.ua/utylizaciya-produktiv-na-skladi.html,0; url=/utylizaciya-produktiv-na-skladi.html,no
kudy-zdaty-promyslovogo-obladnannya-mehanizmiv.html,4579,150,Куди здати промислове обладнання та механізми — Довідник YOURECO,Куди здати промислове обладнання та механізми,"Практичний гайд про те, куди здати промислове обладнання та механізми, як підготувати передачу, які документи потрібні та на що звернути увагу.",https://guide.youreco.com.ua/utylizaciya-promyslovogo-obladnannya-mehanizmiv.html,0; url=/utylizaciya-promyslovogo-obladnannya-mehanizmiv.html,no
kudy-zdaty-promyslovyh-vidhodiv.html,4313,149,Куди здати промислові відходи — Довідник YOURECO,Куди здати промислові відходи,"Практичний гайд про те, куди здати промислові відходи, як підготувати передачу, які документи потрібні та на що звернути увагу.",https://guide.youreco.com.ua/utylizaciya-promyslovyh-vidhodiv.html,0; url=/utylizaciya-promyslovyh-vidhodiv.html,no
kudy-zdaty-prostrochenoyi-kosmetyky.html,4363,153,Куди здати прострочену косметику — Довідник YOURECO,Куди здати прострочену косметику,"Практичний гайд про те, куди здати прострочену косметику, як підготувати передачу, які документи потрібні та на що звернути увагу.",https://guide.youreco.com.ua/utylizaciya-prostrochenoyi-kosmetyky.html,0; url=/utylizaciya-prostrochenoyi-kosmetyky.html,no
kudy-zdaty-prostrochenyh-produktiv.html,4330,151,Куди здати прострочені продукти — Довідник YOURECO,Куди здати прострочені продукти,"Практичний гайд про те, куди здати прострочені продукти, як підготувати передачу, які документи потрібні та на що звернути увагу.",https://guide.youreco.com.ua/utylizaciya-prostrochenyh-produktiv.html,0; url=/utylizaciya-prostrochenyh-produktiv.html,no
kudy-zdaty-pyva.html,4005,149,Куди здати пиво — Довідник YOURECO,Куди здати пиво,"Практичний гайд про те, куди здати пиво, як підготувати передачу, які документи потрібні та на що звернути увагу.",https://guide.youreco.com.ua/utylizaciya-pyva.html,0; url=/utylizaciya-pyva.html,no
kudy-zdaty-rybnyh-produktiv.html,4224,148,Куди здати рибні продукти — Довідник YOURECO,Куди здати рибні продукти,"Практичний гайд про те, куди здати рибні продукти, як підготувати передачу, які документи потрібні та на що звернути увагу.",https://guide.youreco.com.ua/utylizaciya-rybnyh-produktiv.html,0; url=/utylizaciya-rybnyh-produktiv.html,no
kudy-zdaty-shin.html,4100,149,Редирект: куди здати шин | YOURECO,Перенаправлення із застарілої адреси,Службова сторінка для варіанта адреси «kudy-zdaty-shin» перенаправляє на матеріал про утилізацію шин.,https://guide.youreco.com.ua/utylizaciya-shyn.html,0; url=/utylizaciya-shyn.html,no
kudy-zdaty-shyn-pidpryyemstvamy.html,4179,145,Куди підприємствам здати шини — Довідник YOURECO,Куди підприємствам здати шини,"Практичний гайд про те, куди підприємствам здати шини, як підготувати передачу, які документи потрібні та на що звернути увагу.",https://guide.youreco.com.ua/utylizaciya-shyn-pidpryyemstvamy.html,0; url=/utylizaciya-shyn-pidpryyemstvamy.html,no
kudy-zdaty-shyn.html,4071,146,Редирект: куди здати шини | YOURECO,Перенаправлення із застарілої адреси,Службова сторінка для варіанта адреси «kudy-zdaty-shyn» перенаправляє на матеріал про утилізацію шин.,https://guide.youreco.com.ua/utylizaciya-shyn.html,0; url=/utylizaciya-shyn.html,no
kudy-zdaty-shyny.html,4078,148,Редирект: утилізація шин | YOURECO,Перенаправлення із застарілої адреси,Службова сторінка для варіанта адреси «kudy-zdaty-shyny» перенаправляє на матеріал про утилізацію шин.,https://guide.youreco.com.ua/utylizaciya-shyn.html,0; url=/utylizaciya-shyn.html,no
kudy-zdaty-skla.html,4001,151,Куди здати скло — Довідник YOURECO,Куди здати скло,"Практичний гайд про те, куди здати скло, як підготувати передачу, які документи потрібні та на що звернути увагу.",https://guide.youreco.com.ua/utylizaciya-skla.html,0; url=/utylizaciya-skla.html,no
kudy-zdaty-skladskyh-zalyshkiv-kosmetyky.html,4439,149,Куди здати складські залишки косметики — Довідник YOURECO,Куди здати складські залишки косметики,"Практичний гайд про те, куди здати складські залишки косметики, як підготувати передачу, які документи потрібні та на що звернути увагу.",https://guide.youreco.com.ua/utylizaciya-skladskyh-zalyshkiv-kosmetyky.html,0; url=/utylizaciya-skladskyh-zalyshkiv-kosmetyky.html,no
kudy-zdaty-skladskyh-zalyshkiv.html,4223,149,Куди здати складські залишки — Довідник YOURECO,Куди здати складські залишки,"Практичний гайд про те, куди здати складські залишки, як підготувати передачу, які документи потрібні та на що звернути увагу.",https://guide.youreco.com.ua/utylizaciya-skladskyh-zalyshkiv.html,0; url=/utylizaciya-skladskyh-zalyshkiv.html,no
kudy-zdaty-sokiv-ta-napoyiv.html,4183,156,Куди здати соки та напої — Довідник YOURECO,Куди здати соки та напої,"Практичний гайд про те, куди здати соки та напої, як підготувати передачу, які документи потрібні та на що звернути увагу.",https://guide.youreco.com.ua/utylizaciya-sokiv-ta-napoyiv.html,0; url=/utylizaciya-sokiv-ta-napoyiv.html,no
kudy-zdaty-sokiv.html,3995,147,Куди здати соки — Довідник YOURECO,Куди здати соки,"Практичний гайд про те, куди здати соки, як підготувати передачу, які документи потрібні та на що звернути увагу.",https://guide.youreco.com.ua/utylizaciya-sokiv.html,0; url=/utylizaciya-sokiv.html,no
kudy-zdaty-sonyachnih-panelij-vitryakiv.html,4422,160,Куди здати сонячні панелі та вітряки — Довідник YOURECO,Куди здати сонячні панелі та вітряки,"Практичний гайд про те, куди здати сонячні панелі та вітряки, як підготувати передачу, які документи потрібні та на що звернути увагу.",https://guide.youreco.com.ua/utylizaciya-sonyachnih-panelij-vitryakiv.html,0; url=/utylizaciya-sonyachnih-panelij-vitryakiv.html,no
kudy-zdaty-tary-upakovki.html,4192,154,Куди здати тару та упаковку — Довідник YOURECO,Куди здати тару та упаковку,"Практичний гайд про те, куди здати тару та упаковку, як підготувати передачу, які документи потрібні та на що звернути увагу.",https://guide.youreco.com.ua/utylizaciya-tary-upakovki.html,0; url=/utylizaciya-tary-upakovki.html,no
kudy-zdaty-tovariv.html,4081,148,Куди здати товари — Довідник YOURECO,Куди здати товари,"Практичний гайд про те, куди здати товари, як підготувати передачу, які документи потрібні та на що звернути увагу.",https://guide.youreco.com.ua/utylizaciya-tovariv.html,0; url=/utylizaciya-tovariv.html,no
kudy-zdaty-tovary-pid-mitnim-kontrolem.html,4477,159,Куди здати товари під митним контролем — Довідник YOURECO,Куди здати товари під митним контролем,"Практичний гайд про те, куди здати товари під митним контролем, як підготувати передачу, які документи потрібні та на що звернути увагу.",https://guide.youreco.com.ua/utylizaciya-tovary-pid-mitnim-kontrolem.html,0; url=/utylizaciya-tovary-pid-mitnim-kontrolem.html,no
kudy-zdaty-upakovky-na-pidpryyemstvi.html,4441,162,Куди здати упаковку на підприємстві — Довідник YOURECO,Куди здати упаковку на підприємстві,"Практичний гайд про те, куди здати упаковку на підприємстві, як підготувати передачу, які документи потрібні та на що звернути увагу.",https://guide.youreco.com.ua/utylizaciya-upakovky-na-pidpryyemstvi.html,0; url=/utylizaciya-upakovky-na-pidpryyemstvi.html,no
kudy-zdaty-upakovky-vid-kosmetyky.html,4279,152,Куди здати упаковку від косметики — Довідник YOURECO,Куди здати упаковку від косметики,"Практичний гайд про те, куди здати упаковку від косметики, як підготувати передачу, які документи потрібні та на що звернути увагу.",https://guide.youreco.com.ua/utylizaciya-upakovky-vid-kosmetyky.html,0; url=/utylizaciya-upakovky-vid-kosmetyky.html,no
kudy-zdaty-vantazhnyh-shyn.html,4102,147,Куди здати вантажні шини — Довідник YOURECO,Куди здати вантажні шини,"Практичний гайд про те, куди здати вантажні шини, як підготувати передачу, які документи потрібні та на що звернути увагу.",https://guide.youreco.com.ua/utylizaciya-vantazhnyh-shyn.html,0; url=/utylizaciya-vantazhnyh-shyn.html,no
kudy-zdaty-vidpracovane-maslo.html,4308,155,Перенаправлення до утилізації оливи — YOURECO,Перенаправлення до утилізації оливи,Службова noindex-сторінка перенаправляє на основний матеріал про утилізацію відпрацьованої оливи для підприємств.,https://guide.youreco.com.ua/utylizaciya-vidpracovanoi-olyvy.html,0; url=/utylizaciya-vidpracovanoi-olyvy.html,no
kudy-zdaty-vidpracovanoi-olyvy.html,4305,161,Перенаправлення до сторінки про оливу — YOURECO,Перенаправлення до сторінки про оливу,Службова noindex-сторінка перенаправляє на канонічний довідник про збір та утилізацію відпрацьованої оливи.,https://guide.youreco.com.ua/utylizaciya-vidpracovanoi-olyvy.html,0; url=/utylizaciya-vidpracovanoi-olyvy.html,no
kudy-zdaty-vidpracovanyh-masel.html,4373,162,Куди здати відпрацьовані оливи — Довідник YOURECO,Куди здати відпрацьовані оливи,"Практичний гайд про те, куди здати відпрацьовані оливи, як підготувати передачу, які документи потрібні та на що звернути увагу.",https://guide.youreco.com.ua/utylizaciya-vidpracovanyh-masel.html,0; url=/utylizaciya-vidpracovanyh-masel.html,no
kudy-zdaty-vody.html,4083,159,Куди здати воду — Довідник YOURECO,Куди здати воду,"Практичний гайд про те, куди здати воду, як підготувати передачу, які документи потрібні та на що звернути увагу.",https://guide.youreco.com.ua/utylizaciya-vody.html,0; url=/utylizaciya-vody.html,no
kudy-zdaty-vyrobnychyh-vidhodiv.html,4351,158,Куди здати виробничі відходи — Довідник YOURECO,Куди здати виробничі відходи,"Практичний гайд про те, куди здати виробничі відходи, як підготувати передачу, які документи потрібні та на що звернути увагу.",https://guide.youreco.com.ua/utylizaciya-vyrobnychyh-vidhodiv.html,0; url=/utylizaciya-vyrobnychyh-vidhodiv.html,no
kudy-zdaty-yagid.html,4114,158,Куди здати ягоди — Довідник YOURECO,Куди здати ягоди,"Практичний гайд про те, куди здати ягоди, як підготувати передачу, які документи потрібні та на що звернути увагу.",https://guide.youreco.com.ua/utylizaciya-yagid.html,0; url=/utylizaciya-yagid.html,no
kudy-zdaty-zamorozhenyh-produktiv.html,4425,158,Куди здати заморожені продукти — Довідник YOURECO,Куди здати заморожені продукти,"Практичний гайд про те, куди здати заморожені продукти, як підготувати передачу, які документи потрібні та на що звернути увагу.",https://guide.youreco.com.ua/utylizaciya-zamorozhenyh-produktiv.html,0; url=/utylizaciya-zamorozhenyh-produktiv.html,no
kudy-zdaty-zipsovanyh-produktiv.html,4411,162,Куди здати зіпсовані продукти — Довідник YOURECO,Куди здати зіпсовані продукти,"Практичний гайд про те, куди здати зіпсовані продукти, як підготувати передачу, які документи потрібні та на що звернути увагу.",https://guide.youreco.com.ua/utylizaciya-zipsovanyh-produktiv.html,0; url=/utylizaciya-zipsovanyh-produktiv.html,no
li-ion.html,7582,450,Літій-іонні батареї — редирект — Довідник YOURECO,Літій-іонні батареї — редирект,"Довідкова сторінка YOURECO про «Літій-іонні батареї — редирект»: пояснення, підготовка, документи, логістика та пов’язані матеріали.",https://guide.youreco.com.ua/utylizaciya-li-ion-batarej.html,0; url=/utylizaciya-li-ion-batarej.html,no
logistyka/index.html,10659,432,Матеріали про логістику відходів — Довідник YOURECO,Матеріали про логістику відходів,"Навігація за матеріалами про логістику відходів: збір, перевезення, маршрути, приймання партій і підготовку документів.",https://guide.youreco.com.ua/logistyka.html,,no
logistyka-budivelnyh-vidhodiv.html,14539,978,Логістика будівельних відходів — Довідник YOURECO,Логістика будівельних відходів,"Довідка для підприємств про «логістику будівельних відходів»: що включає, як підготувати партію, правила зберігання, логістика, документи та типові помилки.",https://guide.youreco.com.ua/logistyka-budivelnyh-vidhodiv.html,,no
logistyka-kabelyu.html,14267,978,Логістика кабелю — Довідник YOURECO,Логістика кабелю,"Гайд для бізнесу про «логістику кабелю»: що відноситься до кабельних відходів, як зберігати та передавати, як оформити документи і організувати логістику.",https://guide.youreco.com.ua/logistyka-kabelyu.html,,no
logistyka-paperu-ta-kartonu.html,10204,510,Логістика паперу та картону — Довідник YOURECO,Логістика паперу та картону,"Довідка для підприємств про «логістику паперу та картону»: що включає, як підготувати партію, правила зберігання, логістика, документи та типові помилки.",https://guide.youreco.com.ua/logistyka-paperu-ta-kartonu.html,,no
logistyka-plastyku.html,12664,803,Логістика пластику — Довідник YOURECO,Логістика пластику,"Гайд для підприємств про «логістику пластику»: види полімерів, сортування, зберігання, підготовка до переробки, логістика та підтверджуючі документи.",https://guide.youreco.com.ua/logistyka-plastyku.html,,no
logistyka-promyslovyh-vidhodiv.html,10972,525,Логістика промислових відходів | YOURECO,Логістика промислових відходів: вивезення і маршрути,"Логістика промислових відходів: як організувати збір, вивезення, маршрути передачі та документи для підприємства.",https://guide.youreco.com.ua/logistyka-promyslovyh-vidhodiv.html,,no
logistyka-shyn.html,10200,520,Логістика шин і порядок передання — Довідник YOURECO,Логістика шин і порядок передання,"Практичний гайд для бізнесу про «логістику шин і вивіз»: класифікація шин/гуми, зберігання, підготовка до вивезення, маршрути переробки та документи.",https://guide.youreco.com.ua/logistyka-shyn.html,,no
nebezpeka-vidpracovanogo-masla.html,10726,775,Небезпека відпрацьованої оливи — Довідник YOURECO,Небезпека відпрацьованої оливи,"Небезпека відпрацьованої оливи: основні ризики для підприємства, вимоги безпечного поводження та чому важлива легальна утилізація.",https://guide.youreco.com.ua/nebezpeka-vidpracovanogo-masla.html,,no
oblik-promyslovyh-vidhodiv.html,10572,527,Облік промислових відходів — Довідник YOURECO,Облік промислових відходів,"Довідка для підприємств про «облік промислових відходів»: що включає, як підготувати партію, правила зберігання, логістика, документи та типові помилки.",https://guide.youreco.com.ua/oblik-promyslovyh-vidhodiv.html,,no
optymizaciya-vidhodiv-na-vyrobnyctvi.html,10774,535,Оптимізація відходів на виробництві — Довідник YOURECO,Оптимізація відходів на виробництві,"Оптимізація відходів на виробництві: підготовка партій, зберігання, логістика, документи та типові помилки підприємств.",https://guide.youreco.com.ua/optymizaciya-vidhodiv-na-vyrobnyctvi.html,,no
pererobka/index.html,15296,450,Матеріали про переробку відходів — Довідник YOURECO,Матеріали про переробку відходів,"Навігація за матеріалами про переробку відходів: підготовка сировини, типи матеріалів, документи й передання партій.",https://guide.youreco.com.ua/pererobka.html,,no
pererobka-alyuminiyevogo-kabelyu.html,10597,525,Як передають на переробку алюмінієвий кабель — Довідник YOURECO,Як передають на переробку алюмінієвий кабель,"Переробка алюмінієвого кабелю: що приймають, як організувати збір/вивезення та які документи потрібні для підприємств. Поради та перелінковка довідника YOURECO.",https://guide.youreco.com.ua/pererobka-alyuminiyevogo-kabelyu.html,,no
pererobka-betonu.html,10432,509,Як передають на переробку бетон — Довідник YOURECO,Як передають на переробку бетон,"Переробка бетону: що приймають, як організувати збір/вивезення та які документи потрібні для підприємств. Поради та перелінковка довідника YOURECO.",https://guide.youreco.com.ua/pererobka-betonu.html,,no
pererobka-gumovyh-vyrobiv.html,10348,531,Як передають на переробку гумові вироби — Довідник YOURECO,Як передають на переробку гумові вироби,"Практичний гайд для бізнесу про «переробку гумових виробів»: класифікація шин/гуми, зберігання, підготовка до вивезення, маршрути переробки та документи.",https://guide.youreco.com.ua/pererobka-gumovyh-vyrobiv.html,,no
pererobka-izolyaciyi-kabelyu.html,12947,826,Як передають на переробку ізоляцію кабелю — Довідник YOURECO,Як передають на переробку ізоляцію кабелю,"Переробка ізоляції кабелю: що належить до кабельних відходів, як зберігати, передавати, оформлювати документи й логістику.",https://guide.youreco.com.ua/pererobka-izolyaciyi-kabelyu.html,,no
pererobka-kartonu.html,10280,511,Як передають на переробку картон — Довідник YOURECO,Як передають на переробку картон,"Довідка для підприємств про «переробку картону»: що включає, як підготувати партію, правила зберігання, логістика, документи та типові помилки.",https://guide.youreco.com.ua/pererobka-kartonu.html,,no
pererobka-makulatury.html,9882,514,Як передають на переробку макулатуру — Довідник YOURECO,Як передають на переробку макулатуру,"Довідка для підприємств про «переробку макулатури»: що включає, як підготувати партію, правила зберігання, логістика, документи та типові помилки.",https://guide.youreco.com.ua/pererobka-makulatury.html,,no
pererobka-metalu.html,9744,517,Як передають на переробку метал — Довідник YOURECO,Як передають на переробку метал,"Довідка для підприємств про «переробку металу»: що включає, як підготувати партію, правила зберігання, логістика, документи та типові помилки.",https://guide.youreco.com.ua/pererobka-metalu.html,,no
pererobka-midnogo-kabelyu.html,10142,522,Як передають на переробку мідний кабель — Довідник YOURECO,Як передають на переробку мідний кабель,"Переробка мідного кабелю: що приймають, як організувати збір/вивезення та які документи потрібні для підприємств. Поради та перелінковка довідника YOURECO.",https://guide.youreco.com.ua/pererobka-midnogo-kabelyu.html,,no
pererobka-pet.html,13862,1021,Як передають PET на переробку — Довідник YOURECO,Як передають PET на переробку,"Переробка PET (поліетилентерефталату): якість сировини, підготовка, типові вимоги до збору та документи для підприємств.",https://guide.youreco.com.ua/pererobka-pet.html,,no
pererobka-plastykovoyi-upakovky.html,10302,528,Як передають на переробку пластикову упаковку — Довідник YOURECO,Як передають на переробку пластикову упаковку,"Переробка пластикової упаковки: що приймають, як організувати збір, вивезення та які документи потрібні підприємствам.",https://guide.youreco.com.ua/pererobka-plastykovoyi-upakovky.html,,no
pererobka-polietylenu.html,10063,513,Як передають на переробку поліетилен — Довідник YOURECO,Як передають на переробку поліетилен,"Переробка поліетилену: що приймають, як організувати збір/вивезення та які документи потрібні для підприємств. Поради та перелінковка довідника YOURECO.",https://guide.youreco.com.ua/pererobka-polietylenu.html,,no
pererobka-polipropylenu.html,10292,537,Як передають на переробку поліпропілен — Довідник YOURECO,Як передають на переробку поліпропілен,"Переробка поліпропілену: що приймають, як організувати збір/вивезення та які документи потрібні для підприємств. Поради та перелінковка довідника YOURECO.",https://guide.youreco.com.ua/pererobka-polipropylenu.html,,no
pererobka-polistyrolu.html,14074,1022,Як передають на переробку полістирол — Довідник YOURECO,Як передають на переробку полістирол,"Переробка полістиролу (PS): які види приймають, що робити з пінопластом, підготовка партій та документи для бізнесу.",https://guide.youreco.com.ua/pererobka-polistyrolu.html,,no
pererobka-shyn.html,9905,541,Як передають шини на переробку — Довідник YOURECO,Як передають шини на переробку,"Практичний гайд для бізнесу про «переробку шин»: класифікація шин/гуми, зберігання, підготовка до вивезення, маршрути переробки та документи.",https://guide.youreco.com.ua/pererobka-shyn.html,,no
pererobka-vidpracovanyh-masel.html,12782,821,Переробка відпрацьованих олив | YOURECO,Як передають відпрацьовані оливи на переробку або регенерацію,"Переробка і регенерація відпрацьованих олив: безпечне зберігання, збір, передача, логістика та документи для підприємств.",https://guide.youreco.com.ua/pererobka-vidpracovanyh-masel.html,,no
plastyk-yak-vtorynna-syrovyna.html,7657,457,Пластик як вторинна сировина — Довідник YOURECO,Пластик як вторинна сировина,"Гайд для підприємств про «пластик як вторинна сировина»: види полімерів, сортування, зберігання, підготовка до переробки, логістика та підтверджуючі документи.",https://guide.youreco.com.ua/plastyk-yak-vtorynna-syrovyna.html,,no
plastykovi-vidhody.html,12090,930,Пластикові відходи — Довідник YOURECO,Пластикові відходи,"Гайд для підприємств про «пластикові відходи»: види полімерів, сортування, зберігання, підготовка до переробки, логістика та підтверджуючі документи.",https://guide.youreco.com.ua/plastykovi-vidhody.html,,no
podribnennya-shyn-gumova-kryshka.html,7688,468,Подрібнення шин та гумова крихта — Довідник YOURECO,Подрібнення шин та гумова крихта,"Подрібнення шин: як отримують гумову крихту, де вона використовується, і що важливо знати підприємству при передачі шин.",https://guide.youreco.com.ua/podribnennya-shyn-gumova-kryshka.html,,no
promyslovi-vidhody-na-pidpryyemstvi.html,8769,505,Промислові відходи на підприємстві | YOURECO,Промислові відходи на підприємстві: облік і правила,"Промислові відходи на підприємстві: облік, правила зберігання, збір, вивезення та документи для передачі.",https://guide.youreco.com.ua/promyslovi-vidhody-na-pidpryyemstvi.html,,no
promyslovi-vidhody.html,16506,1233,Промислові відходи — Довідник YOURECO,Промислові відходи,"Промислові відходи: види, приклади, вимоги до збирання й зберігання, вивезення, утилізація, переробка та документи.",https://guide.youreco.com.ua/promyslovi-vidhody.html,,no
pryjom-kabelyu-na-utylizaciyu.html,8302,470,Приймання кабелю на утилізацію — Довідник YOURECO,Приймання кабелю на утилізацію,"Приймання кабелю на утилізацію: які види кабелю приймають, як підготувати партію та які документи потрібні для підприємств.",https://guide.youreco.com.ua/pryjom-kabelyu-na-utylizaciyu.html,,no
public/404.html,3709,64,Сторінку не знайдено | YOURECO Довідник,Сторінку не знайдено,"Сторінку не знайдено. Перейдіть на головну сторінку YOURECO Довідника або оберіть основний розділ про утилізацію, переробку, сортування, логістику чи документи.",https://guide.youreco.com.ua/404.html,,no
public/articles/index.html,5004,196,Перенаправлення до головної сторінки — YOURECO,Перенаправлення до головної сторінки,"Службова сторінка перенаправляє до головної сторінки довідника YOURECO з основними розділами про утилізацію, переробку й документи.",https://guide.youreco.com.ua/,0; url=/,no
public/dokumenty-dlya-utylizaciyi-vidhodiv.html,8128,485,Службова сторінка: документи для утилізації відходів | YOURECO,Документи для утилізації відходів,"Довідка для підприємств про «документи для утилізації відходів»: що включає, як підготувати партію, правила зберігання, логістика, документи та типові помилки.",https://guide.youreco.com.ua/dokumenty-dlya-utylizaciyi-vidhodiv.html,,no
public/kontakty.html,10124,356,Контакти — Довідник YOURECO,"Контакти
             довідник YOURECO","Контакти YOURECO: телефони, email, месенджери, адреса офісу та виробничі майданчики. Коротка довідка про компанію та реквізити.",https://guide.youreco.com.ua/kontakty.html,,no
public/kudy-zdaty-avtoshyn.html,3841,129,Куди здати автошини — Довідник YOURECO,Куди здати автошини,"Практичний гайд про те, куди здати автошини, як підготувати передачу, які документи потрібні та на що звернути увагу.",https://guide.youreco.com.ua/utylizaciya-avtoshyn.html,0; url=/utylizaciya-avtoshyn.html,no
public/kudy-zdaty-budivelnyh-vidhodiv.html,4217,140,Куди здати будівельні відходи — Довідник YOURECO,Куди здати будівельні відходи,"Практичний гайд про те, куди здати будівельні відходи, як підготувати передачу, які документи потрібні та на що звернути увагу.",https://guide.youreco.com.ua/utylizaciya-budivelnyh-vidhodiv.html,0; url=/utylizaciya-budivelnyh-vidhodiv.html,no
public/kudy-zdaty-derevyny-z-budivnyctva.html,4226,138,Куди здати деревину з будівництва — Довідник YOURECO,Куди здати деревину з будівництва,"Практичний гайд про те, куди здати деревину з будівництва, як підготувати передачу, які документи потрібні та на що звернути увагу.",https://guide.youreco.com.ua/utylizaciya-derevyny-z-budivnyctva.html,0; url=/utylizaciya-derevyny-z-budivnyctva.html,no
public/kudy-zdaty-dokumentiv.html,4086,136,Куди здати документи — Довідник YOURECO,Куди здати документи,"Практичний гайд про те, куди здати документи, як підготувати передачу, які документи потрібні та на що звернути увагу.",https://guide.youreco.com.ua/utylizaciya-dokumentiv.html,0; url=/utylizaciya-dokumentiv.html,no
public/kudy-zdaty-energetychnyh-napoyiv.html,4221,145,Куди здати енергетичні напої — Довідник YOURECO,Куди здати енергетичні напої,"Практичний гайд про те, куди здати енергетичні напої, як підготувати передачу, які документи потрібні та на що звернути увагу.",https://guide.youreco.com.ua/utylizaciya-energetychnyh-napoyiv.html,0; url=/utylizaciya-energetychnyh-napoyiv.html,no
public/kudy-zdaty-fruktiv-ta-ovochiv.html,4120,142,Куди здати фрукти та овочі — Довідник YOURECO,Куди здати фрукти та овочі,"Практичний гайд про те, куди здати фрукти та овочі, як підготувати передачу, які документи потрібні та на що звернути увагу.",https://guide.youreco.com.ua/utylizaciya-fruktiv-ta-ovochiv.html,0; url=/utylizaciya-fruktiv-ta-ovochiv.html,no
public/kudy-zdaty-fruktiv.html,3934,135,Куди здати фрукти — Довідник YOURECO,Куди здати фрукти,"Практичний гайд про те, куди здати фрукти, як підготувати передачу, які документи потрібні та на що звернути увагу.",https://guide.youreco.com.ua/utylizaciya-fruktiv.html,0; url=/utylizaciya-fruktiv.html,no
public/kudy-zdaty-gazovanyh-napoyiv.html,4095,137,Куди здати газовані напої — Довідник YOURECO,Куди здати газовані напої,"Практичний гайд про те, куди здати газовані напої, як підготувати передачу, які документи потрібні та на що звернути увагу.",https://guide.youreco.com.ua/utylizaciya-gazovanyh-napoyiv.html,0; url=/utylizaciya-gazovanyh-napoyiv.html,no
public/kudy-zdaty-gipsokartonu.html,4171,139,Перенаправлення... — Довідник YOURECO,Перенаправлення...,"Службова сторінка перенаправлення для запиту щодо гіпсокартону: веде на канонічну сторінку утилізації, містить noindex і не входить до sitemap.",https://guide.youreco.com.ua/utylizaciya-gipsokartonu.html,0; url=/utylizaciya-gipsokartonu.html,no
public/kudy-zdaty-harchovyh-produktiv.html,4275,148,Куди здати харчові продукти — Довідник YOURECO,Куди здати харчові продукти,"Практичний гайд про те, куди здати харчові продукти, як підготувати передачу, які документи потрібні та на що звернути увагу.",https://guide.youreco.com.ua/utylizaciya-harchovyh-produktiv.html,0; url=/utylizaciya-harchovyh-produktiv.html,no
public/kudy-zdaty-kabelyu-ta-drotiv.html,4246,153,Куди здати кабель та дроти — Довідник YOURECO,Куди здати кабель та дроти,"Практичний гайд про те, куди здати кабель та дроти, як підготувати передачу, які документи потрібні та на що звернути увагу.",https://guide.youreco.com.ua/utylizaciya-kabelyu-ta-drotiv.html,0; url=/utylizaciya-kabelyu-ta-drotiv.html,no
public/kudy-zdaty-kondyterskyh-vyrobiv.html,4312,149,Куди здати кондитерські вироби — Довідник YOURECO,Куди здати кондитерські вироби,"Практичний гайд про те, куди здати кондитерські вироби, як підготувати передачу, які документи потрібні та на що звернути увагу.",https://guide.youreco.com.ua/utylizaciya-kondyterskyh-vyrobiv.html,0; url=/utylizaciya-kondyterskyh-vyrobiv.html,no
public/kudy-zdaty-konserviv.html,4100,151,Куди здати консерви — Довідник YOURECO,Куди здати консерви,"Практичний гайд про те, куди здати консерви, як підготувати передачу, які документи потрібні та на що звернути увагу.",https://guide.youreco.com.ua/utylizaciya-konserviv.html,0; url=/utylizaciya-konserviv.html,no
public/kudy-zdaty-kosmetiki.html,4240,146,Редирект: косметика kosmetiki | YOURECO,Перенаправлення із застарілої адреси,Службова сторінка для альтернативної адреси kosmetiki перенаправляє на матеріал про утилізацію косметики.,https://guide.youreco.com.ua/utylizaciya-kosmetyky.html,0; url=/utylizaciya-kosmetyky.html,no
public/kudy-zdaty-kosmetyky-magazyniv.html,4316,153,Куди здати косметику з магазинів — Довідник YOURECO,Куди здати косметику з магазинів,"Практичний гайд про те, куди здати косметику з магазинів, як підготувати передачу, які документи потрібні та на що звернути увагу.",https://guide.youreco.com.ua/utylizaciya-kosmetyky-magazyniv.html,0; url=/utylizaciya-kosmetyky-magazyniv.html,no
public/kudy-zdaty-kosmetyky.html,4223,144,Редирект: косметика kosmetyky | YOURECO,Перенаправлення із застарілої адреси,Службова сторінка для української транслітерації kosmetyky перенаправляє на матеріал про утилізацію косметики.,https://guide.youreco.com.ua/utylizaciya-kosmetyky.html,0; url=/utylizaciya-kosmetyky.html,no
public/kudy-zdaty-li-ion-batarej.html,4158,156,Куди здати Li-ion батареї — Довідник YOURECO,Куди здати Li-ion батареї,"Практичний гайд про те, куди здати Li-ion батареї, як підготувати передачу, які документи потрібні та на що звернути увагу.",https://guide.youreco.com.ua/utylizaciya-li-ion-batarej.html,0; url=/utylizaciya-li-ion-batarej.html,no
public/kudy-zdaty-materialiv.html,4155,146,Куди здати матеріали — Довідник YOURECO,Куди здати матеріали,"Практичний гайд про те, куди здати матеріали, як підготувати передачу, які документи потрібні та на що звернути увагу.",https://guide.youreco.com.ua/utylizaciya-materialiv.html,0; url=/utylizaciya-materialiv.html,no
public/kudy-zdaty-metalevoyi-strushky.html,4292,149,Куди здати металеву стружку — Довідник YOURECO,Куди здати металеву стружку,"Практичний гайд про те, куди здати металеву стружку, як підготувати передачу, які документи потрібні та на що звернути увагу.",https://guide.youreco.com.ua/utylizaciya-metalevoyi-strushky.html,0; url=/utylizaciya-metalevoyi-strushky.html,no
public/kudy-zdaty-metalu.html,4037,142,Куди здати метал — Довідник YOURECO,Куди здати метал,"Практичний гайд про те, куди здати метал, як підготувати передачу, які документи потрібні та на що звернути увагу.",https://guide.youreco.com.ua/utylizaciya-metalu.html,0; url=/utylizaciya-metalu.html,no
public/kudy-zdaty-molochnyh-produktiv.html,4272,149,Куди здати молочні продукти — Довідник YOURECO,Куди здати молочні продукти,"Практичний гайд про те, куди здати молочні продукти, як підготувати передачу, які документи потрібні та на що звернути увагу.",https://guide.youreco.com.ua/utylizaciya-molochnyh-produktiv.html,0; url=/utylizaciya-molochnyh-produktiv.html,no
public/kudy-zdaty-myasnyh-produktiv.html,4274,151,Куди здати м’ясні продукти — Довідник YOURECO,Куди здати м’ясні продукти,"Практичний гайд про те, куди здати м’ясні продукти, як підготувати передачу, які документи потрібні та на що звернути увагу.",https://guide.youreco.com.ua/utylizaciya-myasnyh-produktiv.html,0; url=/utylizaciya-myasnyh-produktiv.html,no
public/kudy-zdaty-napivfabrykatyv.html,4222,144,Куди здати напівфабрикати — Довідник YOURECO,Куди здати напівфабрикати,"Практичний гайд про те, куди здати напівфабрикати, як підготувати передачу, які документи потрібні та на що звернути увагу.",https://guide.youreco.com.ua/utylizaciya-napivfabrykatyv.html,0; url=/utylizaciya-napivfabrykatyv.html,no
public/kudy-zdaty-napoyiv.html,4008,138,Куди здати напої — Довідник YOURECO,Куди здати напої,"Практичний гайд про те, куди здати напої, як підготувати передачу, які документи потрібні та на що звернути увагу.",https://guide.youreco.com.ua/utylizaciya-napoyiv.html,0; url=/utylizaciya-napoyiv.html,no
public/kudy-zdaty-nekondicijnoyi-sirovini.html,4354,142,Куди здати некондиційну сировину — Довідник YOURECO,Куди здати некондиційну сировину,"Практичний гайд про те, куди здати некондиційну сировину, як підготувати передачу, які документи потрібні та на що звернути увагу.",https://guide.youreco.com.ua/utylizaciya-nekondicijnoyi-sirovini.html,0; url=/utylizaciya-nekondicijnoyi-sirovini.html,no
public/kudy-zdaty-nekondyciynoyi-produkciyi.html,4385,144,Куди здати некондиційну продукцію — Довідник YOURECO,Куди здати некондиційну продукцію,"Практичний гайд про те, куди здати некондиційну продукцію, як підготувати передачу, які документи потрібні та на що звернути увагу.",https://guide.youreco.com.ua/utylizaciya-nekondyciynoyi-produkciyi.html,0; url=/utylizaciya-nekondyciynoyi-produkciyi.html,no
public/kudy-zdaty-obladnannya.html,4095,134,Куди здати обладнання — Довідник YOURECO,Куди здати обладнання,"Практичний гайд про те, куди здати обладнання, як підготувати передачу, які документи потрібні та на що звернути увагу.",https://guide.youreco.com.ua/utylizaciya-obladnannya.html,0; url=/utylizaciya-obladnannya.html,no
public/kudy-zdaty-odyagu-vzuttya.html,4192,157,Куди здати одяг та взуття — Довідник YOURECO,Куди здати одяг та взуття,"Практичний гайд про те, куди здати одяг та взуття, як підготувати передачу, які документи потрібні та на що звернути увагу.",https://guide.youreco.com.ua/utylizaciya-odyagu-vzuttya.html,0; url=/utylizaciya-odyagu-vzuttya.html,no
public/kudy-zdaty-ofisnih-mebliv-orgtehniki.html,4482,152,Куди здати офісні меблі та оргтехніку — Довідник YOURECO,Куди здати офісні меблі та оргтехніку,"Практичний гайд про те, куди здати офісні меблі та оргтехніку, як підготувати передачу, які документи потрібні та на що звернути увагу.",https://guide.youreco.com.ua/utylizaciya-ofisnih-mebliv-orgtehniki.html,0; url=/utylizaciya-ofisnih-mebliv-orgtehniki.html,no
public/kudy-zdaty-ovochiv.html,3947,133,Куди здати овочі — Довідник YOURECO,Куди здати овочі,"Практичний гайд про те, куди здати овочі, як підготувати передачу, які документи потрібні та на що звернути увагу.",https://guide.youreco.com.ua/utylizaciya-ovochiv.html,0; url=/utylizaciya-ovochiv.html,no
public/kudy-zdaty-paperu-ta-kartonu.html,4169,149,Куди здати папір та картон — Довідник YOURECO,Куди здати папір та картон,"Практичний гайд про те, куди здати папір та картон, як підготувати передачу, які документи потрібні та на що звернути увагу.",https://guide.youreco.com.ua/utylizaciya-paperu-ta-kartonu.html,0; url=/utylizaciya-paperu-ta-kartonu.html,no
public/kudy-zdaty-parfumeriyi.html,4054,137,Куди здати парфумерію — Довідник YOURECO,Куди здати парфумерію,"Практичний гайд про те, куди здати парфумерію, як підготувати передачу, які документи потрібні та на що звернути увагу.",https://guide.youreco.com.ua/utylizaciya-parfumeriyi.html,0; url=/utylizaciya-parfumeriyi.html,no
public/kudy-zdaty-partiyi-produktiv.html,4212,140,Куди здати партії продуктів — Довідник YOURECO,Куди здати партії продуктів,"Практичний гайд про те, куди здати партії продуктів, як підготувати передачу, які документи потрібні та на що звернути увагу.",https://guide.youreco.com.ua/utylizaciya-partiyi-produktiv.html,0; url=/utylizaciya-partiyi-produktiv.html,no
public/kudy-zdaty-paverbankiv-dbj.html,4514,153,Куди здати павербанки та ДБЖ — Довідник YOURECO,Куди здати павербанки та ДБЖ,"Практичний гайд про те, куди здати павербанки та ДБЖ, як підготувати передачу, які документи потрібні та на що звернути увагу.",https://guide.youreco.com.ua/utylizaciya-paverbankiv-dbj.html,0; url=/utylizaciya-paverbankiv-dbj.html,no
public/kudy-zdaty-plastyku-ta-polimeriv.html,4253,147,Куди здати пластик та полімери — Довідник YOURECO,Куди здати пластик та полімери,"Практичний гайд про те, куди здати пластик та полімери, як підготувати передачу, які документи потрібні та на що звернути увагу.",https://guide.youreco.com.ua/utylizaciya-plastyku-ta-polimeriv.html,0; url=/utylizaciya-plastyku-ta-polimeriv.html,no
public/kudy-zdaty-produktiv-harchuvannya-napoyiv.html,4414,147,Куди здати продукти харчування та напої — Довідник YOURECO,Куди здати продукти харчування та напої,"Практичний гайд про те, куди здати продукти харчування та напої, як підготувати передачу, які документи потрібні та на що звернути увагу.",https://guide.youreco.com.ua/utylizaciya-produktiv-harchuvannya-napoyiv.html,0; url=/utylizaciya-produktiv-harchuvannya-napoyiv.html,no
public/kudy-zdaty-produktiv-na-skladi.html,4160,137,Куди здати продукти на складі — Довідник YOURECO,Куди здати продукти на складі,"Практичний гайд про те, куди здати продукти на складі, як підготувати передачу, які документи потрібні та на що звернути увагу.",https://guide.youreco.com.ua/utylizaciya-produktiv-na-skladi.html,0; url=/utylizaciya-produktiv-na-skladi.html,no
public/kudy-zdaty-promyslovogo-obladnannya-mehanizmiv.html,4579,150,Куди здати промислове обладнання та механізми — Довідник YOURECO,Куди здати промислове обладнання та механізми,"Практичний гайд про те, куди здати промислове обладнання та механізми, як підготувати передачу, які документи потрібні та на що звернути увагу.",https://guide.youreco.com.ua/utylizaciya-promyslovogo-obladnannya-mehanizmiv.html,0; url=/utylizaciya-promyslovogo-obladnannya-mehanizmiv.html,no
public/kudy-zdaty-promyslovyh-vidhodiv.html,4313,149,Куди здати промислові відходи — Довідник YOURECO,Куди здати промислові відходи,"Практичний гайд про те, куди здати промислові відходи, як підготувати передачу, які документи потрібні та на що звернути увагу.",https://guide.youreco.com.ua/utylizaciya-promyslovyh-vidhodiv.html,0; url=/utylizaciya-promyslovyh-vidhodiv.html,no
public/kudy-zdaty-prostrochenoyi-kosmetyky.html,4363,153,Куди здати прострочену косметику — Довідник YOURECO,Куди здати прострочену косметику,"Практичний гайд про те, куди здати прострочену косметику, як підготувати передачу, які документи потрібні та на що звернути увагу.",https://guide.youreco.com.ua/utylizaciya-prostrochenoyi-kosmetyky.html,0; url=/utylizaciya-prostrochenoyi-kosmetyky.html,no
public/kudy-zdaty-prostrochenyh-produktiv.html,4330,151,Куди здати прострочені продукти — Довідник YOURECO,Куди здати прострочені продукти,"Практичний гайд про те, куди здати прострочені продукти, як підготувати передачу, які документи потрібні та на що звернути увагу.",https://guide.youreco.com.ua/utylizaciya-prostrochenyh-produktiv.html,0; url=/utylizaciya-prostrochenyh-produktiv.html,no
public/kudy-zdaty-pyva.html,4005,149,Куди здати пиво — Довідник YOURECO,Куди здати пиво,"Практичний гайд про те, куди здати пиво, як підготувати передачу, які документи потрібні та на що звернути увагу.",https://guide.youreco.com.ua/utylizaciya-pyva.html,0; url=/utylizaciya-pyva.html,no
public/kudy-zdaty-rybnyh-produktiv.html,4224,148,Куди здати рибні продукти — Довідник YOURECO,Куди здати рибні продукти,"Практичний гайд про те, куди здати рибні продукти, як підготувати передачу, які документи потрібні та на що звернути увагу.",https://guide.youreco.com.ua/utylizaciya-rybnyh-produktiv.html,0; url=/utylizaciya-rybnyh-produktiv.html,no
public/kudy-zdaty-shin.html,4100,149,Редирект: куди здати шин | YOURECO,Перенаправлення із застарілої адреси,Службова сторінка для варіанта адреси «kudy-zdaty-shin» перенаправляє на матеріал про утилізацію шин.,https://guide.youreco.com.ua/utylizaciya-shyn.html,0; url=/utylizaciya-shyn.html,no
public/kudy-zdaty-shyn-pidpryyemstvamy.html,4179,145,Куди підприємствам здати шини — Довідник YOURECO,Куди підприємствам здати шини,"Практичний гайд про те, куди підприємствам здати шини, як підготувати передачу, які документи потрібні та на що звернути увагу.",https://guide.youreco.com.ua/utylizaciya-shyn-pidpryyemstvamy.html,0; url=/utylizaciya-shyn-pidpryyemstvamy.html,no
public/kudy-zdaty-shyn.html,4071,146,Редирект: куди здати шини | YOURECO,Перенаправлення із застарілої адреси,Службова сторінка для варіанта адреси «kudy-zdaty-shyn» перенаправляє на матеріал про утилізацію шин.,https://guide.youreco.com.ua/utylizaciya-shyn.html,0; url=/utylizaciya-shyn.html,no
public/kudy-zdaty-shyny.html,4078,148,Редирект: утилізація шин | YOURECO,Перенаправлення із застарілої адреси,Службова сторінка для варіанта адреси «kudy-zdaty-shyny» перенаправляє на матеріал про утилізацію шин.,https://guide.youreco.com.ua/utylizaciya-shyn.html,0; url=/utylizaciya-shyn.html,no
public/kudy-zdaty-skla.html,4001,151,Куди здати скло — Довідник YOURECO,Куди здати скло,"Практичний гайд про те, куди здати скло, як підготувати передачу, які документи потрібні та на що звернути увагу.",https://guide.youreco.com.ua/utylizaciya-skla.html,0; url=/utylizaciya-skla.html,no
public/kudy-zdaty-skladskyh-zalyshkiv-kosmetyky.html,4439,149,Куди здати складські залишки косметики — Довідник YOURECO,Куди здати складські залишки косметики,"Практичний гайд про те, куди здати складські залишки косметики, як підготувати передачу, які документи потрібні та на що звернути увагу.",https://guide.youreco.com.ua/utylizaciya-skladskyh-zalyshkiv-kosmetyky.html,0; url=/utylizaciya-skladskyh-zalyshkiv-kosmetyky.html,no
public/kudy-zdaty-skladskyh-zalyshkiv.html,4223,149,Куди здати складські залишки — Довідник YOURECO,Куди здати складські залишки,"Практичний гайд про те, куди здати складські залишки, як підготувати передачу, які документи потрібні та на що звернути увагу.",https://guide.youreco.com.ua/utylizaciya-skladskyh-zalyshkiv.html,0; url=/utylizaciya-skladskyh-zalyshkiv.html,no
public/kudy-zdaty-sokiv-ta-napoyiv.html,4183,156,Куди здати соки та напої — Довідник YOURECO,Куди здати соки та напої,"Практичний гайд про те, куди здати соки та напої, як підготувати передачу, які документи потрібні та на що звернути увагу.",https://guide.youreco.com.ua/utylizaciya-sokiv-ta-napoyiv.html,0; url=/utylizaciya-sokiv-ta-napoyiv.html,no
public/kudy-zdaty-sokiv.html,3995,147,Куди здати соки — Довідник YOURECO,Куди здати соки,"Практичний гайд про те, куди здати соки, як підготувати передачу, які документи потрібні та на що звернути увагу.",https://guide.youreco.com.ua/utylizaciya-sokiv.html,0; url=/utylizaciya-sokiv.html,no
public/kudy-zdaty-sonyachnih-panelij-vitryakiv.html,4422,160,Куди здати сонячні панелі та вітряки — Довідник YOURECO,Куди здати сонячні панелі та вітряки,"Практичний гайд про те, куди здати сонячні панелі та вітряки, як підготувати передачу, які документи потрібні та на що звернути увагу.",https://guide.youreco.com.ua/utylizaciya-sonyachnih-panelij-vitryakiv.html,0; url=/utylizaciya-sonyachnih-panelij-vitryakiv.html,no
public/kudy-zdaty-tary-upakovki.html,4192,154,Куди здати тару та упаковку — Довідник YOURECO,Куди здати тару та упаковку,"Практичний гайд про те, куди здати тару та упаковку, як підготувати передачу, які документи потрібні та на що звернути увагу.",https://guide.youreco.com.ua/utylizaciya-tary-upakovki.html,0; url=/utylizaciya-tary-upakovki.html,no
public/kudy-zdaty-tovariv.html,4081,148,Куди здати товари — Довідник YOURECO,Куди здати товари,"Практичний гайд про те, куди здати товари, як підготувати передачу, які документи потрібні та на що звернути увагу.",https://guide.youreco.com.ua/utylizaciya-tovariv.html,0; url=/utylizaciya-tovariv.html,no
public/kudy-zdaty-tovary-pid-mitnim-kontrolem.html,4477,159,Куди здати товари під митним контролем — Довідник YOURECO,Куди здати товари під митним контролем,"Практичний гайд про те, куди здати товари під митним контролем, як підготувати передачу, які документи потрібні та на що звернути увагу.",https://guide.youreco.com.ua/utylizaciya-tovary-pid-mitnim-kontrolem.html,0; url=/utylizaciya-tovary-pid-mitnim-kontrolem.html,no
public/kudy-zdaty-upakovky-na-pidpryyemstvi.html,4441,162,Куди здати упаковку на підприємстві — Довідник YOURECO,Куди здати упаковку на підприємстві,"Практичний гайд про те, куди здати упаковку на підприємстві, як підготувати передачу, які документи потрібні та на що звернути увагу.",https://guide.youreco.com.ua/utylizaciya-upakovky-na-pidpryyemstvi.html,0; url=/utylizaciya-upakovky-na-pidpryyemstvi.html,no
public/kudy-zdaty-upakovky-vid-kosmetyky.html,4279,152,Куди здати упаковку від косметики — Довідник YOURECO,Куди здати упаковку від косметики,"Практичний гайд про те, куди здати упаковку від косметики, як підготувати передачу, які документи потрібні та на що звернути увагу.",https://guide.youreco.com.ua/utylizaciya-upakovky-vid-kosmetyky.html,0; url=/utylizaciya-upakovky-vid-kosmetyky.html,no
public/kudy-zdaty-vantazhnyh-shyn.html,4102,147,Куди здати вантажні шини — Довідник YOURECO,Куди здати вантажні шини,"Практичний гайд про те, куди здати вантажні шини, як підготувати передачу, які документи потрібні та на що звернути увагу.",https://guide.youreco.com.ua/utylizaciya-vantazhnyh-shyn.html,0; url=/utylizaciya-vantazhnyh-shyn.html,no
public/kudy-zdaty-vidpracovane-maslo.html,4308,155,Перенаправлення до утилізації оливи — YOURECO,Перенаправлення до утилізації оливи,Службова noindex-сторінка перенаправляє на основний матеріал про утилізацію відпрацьованої оливи для підприємств.,https://guide.youreco.com.ua/utylizaciya-vidpracovanoi-olyvy.html,0; url=/utylizaciya-vidpracovanoi-olyvy.html,no
public/kudy-zdaty-vidpracovanoi-olyvy.html,4305,161,Перенаправлення до сторінки про оливу — YOURECO,Перенаправлення до сторінки про оливу,Службова noindex-сторінка перенаправляє на канонічний довідник про збір та утилізацію відпрацьованої оливи.,https://guide.youreco.com.ua/utylizaciya-vidpracovanoi-olyvy.html,0; url=/utylizaciya-vidpracovanoi-olyvy.html,no
public/kudy-zdaty-vidpracovanyh-masel.html,4373,162,Куди здати відпрацьовані оливи — Довідник YOURECO,Куди здати відпрацьовані оливи,"Практичний гайд про те, куди здати відпрацьовані оливи, як підготувати передачу, які документи потрібні та на що звернути увагу.",https://guide.youreco.com.ua/utylizaciya-vidpracovanyh-masel.html,0; url=/utylizaciya-vidpracovanyh-masel.html,no
public/kudy-zdaty-vody.html,4083,159,Куди здати воду — Довідник YOURECO,Куди здати воду,"Практичний гайд про те, куди здати воду, як підготувати передачу, які документи потрібні та на що звернути увагу.",https://guide.youreco.com.ua/utylizaciya-vody.html,0; url=/utylizaciya-vody.html,no
public/kudy-zdaty-vyrobnychyh-vidhodiv.html,4351,158,Куди здати виробничі відходи — Довідник YOURECO,Куди здати виробничі відходи,"Практичний гайд про те, куди здати виробничі відходи, як підготувати передачу, які документи потрібні та на що звернути увагу.",https://guide.youreco.com.ua/utylizaciya-vyrobnychyh-vidhodiv.html,0; url=/utylizaciya-vyrobnychyh-vidhodiv.html,no
public/kudy-zdaty-yagid.html,4114,158,Куди здати ягоди — Довідник YOURECO,Куди здати ягоди,"Практичний гайд про те, куди здати ягоди, як підготувати передачу, які документи потрібні та на що звернути увагу.",https://guide.youreco.com.ua/utylizaciya-yagid.html,0; url=/utylizaciya-yagid.html,no
public/kudy-zdaty-zamorozhenyh-produktiv.html,4425,158,Куди здати заморожені продукти — Довідник YOURECO,Куди здати заморожені продукти,"Практичний гайд про те, куди здати заморожені продукти, як підготувати передачу, які документи потрібні та на що звернути увагу.",https://guide.youreco.com.ua/utylizaciya-zamorozhenyh-produktiv.html,0; url=/utylizaciya-zamorozhenyh-produktiv.html,no
public/kudy-zdaty-zipsovanyh-produktiv.html,4411,162,Куди здати зіпсовані продукти — Довідник YOURECO,Куди здати зіпсовані продукти,"Практичний гайд про те, куди здати зіпсовані продукти, як підготувати передачу, які документи потрібні та на що звернути увагу.",https://guide.youreco.com.ua/utylizaciya-zipsovanyh-produktiv.html,0; url=/utylizaciya-zipsovanyh-produktiv.html,no
public/li-ion.html,7582,450,Літій-іонні батареї — редирект — Довідник YOURECO,Літій-іонні батареї — редирект,"Довідкова сторінка YOURECO про «Літій-іонні батареї — редирект»: пояснення, підготовка, документи, логістика та пов’язані матеріали.",https://guide.youreco.com.ua/utylizaciya-li-ion-batarej.html,0; url=/utylizaciya-li-ion-batarej.html,no
public/logistyka/index.html,10659,432,Матеріали про логістику відходів — Довідник YOURECO,Матеріали про логістику відходів,"Навігація за матеріалами про логістику відходів: збір, перевезення, маршрути, приймання партій і підготовку документів.",https://guide.youreco.com.ua/logistyka.html,,no
public/logistyka-budivelnyh-vidhodiv.html,14539,978,Логістика будівельних відходів — Довідник YOURECO,Логістика будівельних відходів,"Довідка для підприємств про «логістику будівельних відходів»: що включає, як підготувати партію, правила зберігання, логістика, документи та типові помилки.",https://guide.youreco.com.ua/logistyka-budivelnyh-vidhodiv.html,,no
public/logistyka-kabelyu.html,14267,978,Логістика кабелю — Довідник YOURECO,Логістика кабелю,"Гайд для бізнесу про «логістику кабелю»: що відноситься до кабельних відходів, як зберігати та передавати, як оформити документи і організувати логістику.",https://guide.youreco.com.ua/logistyka-kabelyu.html,,no
public/logistyka-paperu-ta-kartonu.html,10204,510,Логістика паперу та картону — Довідник YOURECO,Логістика паперу та картону,"Довідка для підприємств про «логістику паперу та картону»: що включає, як підготувати партію, правила зберігання, логістика, документи та типові помилки.",https://guide.youreco.com.ua/logistyka-paperu-ta-kartonu.html,,no
public/logistyka-plastyku.html,12664,803,Логістика пластику — Довідник YOURECO,Логістика пластику,"Гайд для підприємств про «логістику пластику»: види полімерів, сортування, зберігання, підготовка до переробки, логістика та підтверджуючі документи.",https://guide.youreco.com.ua/logistyka-plastyku.html,,no
public/logistyka-promyslovyh-vidhodiv.html,10972,525,Логістика промислових відходів | YOURECO,Логістика промислових відходів: вивезення і маршрути,"Логістика промислових відходів: як організувати збір, вивезення, маршрути передачі та документи для підприємства.",https://guide.youreco.com.ua/logistyka-promyslovyh-vidhodiv.html,,no
public/logistyka-shyn.html,10200,520,Логістика шин і порядок передання — Довідник YOURECO,Логістика шин і порядок передання,"Практичний гайд для бізнесу про «логістику шин і вивіз»: класифікація шин/гуми, зберігання, підготовка до вивезення, маршрути переробки та документи.",https://guide.youreco.com.ua/logistyka-shyn.html,,no
public/nebezpeka-vidpracovanogo-masla.html,10726,775,Небезпека відпрацьованої оливи — Довідник YOURECO,Небезпека відпрацьованої оливи,"Небезпека відпрацьованої оливи: основні ризики для підприємства, вимоги безпечного поводження та чому важлива легальна утилізація.",https://guide.youreco.com.ua/nebezpeka-vidpracovanogo-masla.html,,no
public/oblik-promyslovyh-vidhodiv.html,10572,527,Облік промислових відходів — Довідник YOURECO,Облік промислових відходів,"Довідка для підприємств про «облік промислових відходів»: що включає, як підготувати партію, правила зберігання, логістика, документи та типові помилки.",https://guide.youreco.com.ua/oblik-promyslovyh-vidhodiv.html,,no
public/optymizaciya-vidhodiv-na-vyrobnyctvi.html,10774,535,Оптимізація відходів на виробництві — Довідник YOURECO,Оптимізація відходів на виробництві,"Оптимізація відходів на виробництві: підготовка партій, зберігання, логістика, документи та типові помилки підприємств.",https://guide.youreco.com.ua/optymizaciya-vidhodiv-na-vyrobnyctvi.html,,no
public/pererobka/index.html,15296,450,Матеріали про переробку відходів — Довідник YOURECO,Матеріали про переробку відходів,"Навігація за матеріалами про переробку відходів: підготовка сировини, типи матеріалів, документи й передання партій.",https://guide.youreco.com.ua/pererobka.html,,no
public/pererobka-alyuminiyevogo-kabelyu.html,10597,525,Як передають на переробку алюмінієвий кабель — Довідник YOURECO,Як передають на переробку алюмінієвий кабель,"Переробка алюмінієвого кабелю: що приймають, як організувати збір/вивезення та які документи потрібні для підприємств. Поради та перелінковка довідника YOURECO.",https://guide.youreco.com.ua/pererobka-alyuminiyevogo-kabelyu.html,,no
public/pererobka-betonu.html,10432,509,Як передають на переробку бетон — Довідник YOURECO,Як передають на переробку бетон,"Переробка бетону: що приймають, як організувати збір/вивезення та які документи потрібні для підприємств. Поради та перелінковка довідника YOURECO.",https://guide.youreco.com.ua/pererobka-betonu.html,,no
public/pererobka-gumovyh-vyrobiv.html,10348,531,Як передають на переробку гумові вироби — Довідник YOURECO,Як передають на переробку гумові вироби,"Практичний гайд для бізнесу про «переробку гумових виробів»: класифікація шин/гуми, зберігання, підготовка до вивезення, маршрути переробки та документи.",https://guide.youreco.com.ua/pererobka-gumovyh-vyrobiv.html,,no
public/pererobka-izolyaciyi-kabelyu.html,12947,826,Як передають на переробку ізоляцію кабелю — Довідник YOURECO,Як передають на переробку ізоляцію кабелю,"Переробка ізоляції кабелю: що належить до кабельних відходів, як зберігати, передавати, оформлювати документи й логістику.",https://guide.youreco.com.ua/pererobka-izolyaciyi-kabelyu.html,,no
public/pererobka-kartonu.html,10280,511,Як передають на переробку картон — Довідник YOURECO,Як передають на переробку картон,"Довідка для підприємств про «переробку картону»: що включає, як підготувати партію, правила зберігання, логістика, документи та типові помилки.",https://guide.youreco.com.ua/pererobka-kartonu.html,,no
public/pererobka-makulatury.html,9882,514,Як передають на переробку макулатуру — Довідник YOURECO,Як передають на переробку макулатуру,"Довідка для підприємств про «переробку макулатури»: що включає, як підготувати партію, правила зберігання, логістика, документи та типові помилки.",https://guide.youreco.com.ua/pererobka-makulatury.html,,no
public/pererobka-metalu.html,9744,517,Як передають на переробку метал — Довідник YOURECO,Як передають на переробку метал,"Довідка для підприємств про «переробку металу»: що включає, як підготувати партію, правила зберігання, логістика, документи та типові помилки.",https://guide.youreco.com.ua/pererobka-metalu.html,,no
public/pererobka-midnogo-kabelyu.html,10142,522,Як передають на переробку мідний кабель — Довідник YOURECO,Як передають на переробку мідний кабель,"Переробка мідного кабелю: що приймають, як організувати збір/вивезення та які документи потрібні для підприємств. Поради та перелінковка довідника YOURECO.",https://guide.youreco.com.ua/pererobka-midnogo-kabelyu.html,,no
public/pererobka-pet.html,13862,1021,Як передають PET на переробку — Довідник YOURECO,Як передають PET на переробку,"Переробка PET (поліетилентерефталату): якість сировини, підготовка, типові вимоги до збору та документи для підприємств.",https://guide.youreco.com.ua/pererobka-pet.html,,no
public/pererobka-plastykovoyi-upakovky.html,10302,528,Як передають на переробку пластикову упаковку — Довідник YOURECO,Як передають на переробку пластикову упаковку,"Переробка пластикової упаковки: що приймають, як організувати збір, вивезення та які документи потрібні підприємствам.",https://guide.youreco.com.ua/pererobka-plastykovoyi-upakovky.html,,no
public/pererobka-polietylenu.html,10063,513,Як передають на переробку поліетилен — Довідник YOURECO,Як передають на переробку поліетилен,"Переробка поліетилену: що приймають, як організувати збір/вивезення та які документи потрібні для підприємств. Поради та перелінковка довідника YOURECO.",https://guide.youreco.com.ua/pererobka-polietylenu.html,,no
public/pererobka-polipropylenu.html,10292,537,Як передають на переробку поліпропілен — Довідник YOURECO,Як передають на переробку поліпропілен,"Переробка поліпропілену: що приймають, як організувати збір/вивезення та які документи потрібні для підприємств. Поради та перелінковка довідника YOURECO.",https://guide.youreco.com.ua/pererobka-polipropylenu.html,,no
public/pererobka-polistyrolu.html,14074,1022,Як передають на переробку полістирол — Довідник YOURECO,Як передають на переробку полістирол,"Переробка полістиролу (PS): які види приймають, що робити з пінопластом, підготовка партій та документи для бізнесу.",https://guide.youreco.com.ua/pererobka-polistyrolu.html,,no
public/pererobka-shyn.html,9905,541,Як передають шини на переробку — Довідник YOURECO,Як передають шини на переробку,"Практичний гайд для бізнесу про «переробку шин»: класифікація шин/гуми, зберігання, підготовка до вивезення, маршрути переробки та документи.",https://guide.youreco.com.ua/pererobka-shyn.html,,no
public/pererobka-vidpracovanyh-masel.html,12782,821,Переробка відпрацьованих олив | YOURECO,Як передають відпрацьовані оливи на переробку або регенерацію,"Переробка і регенерація відпрацьованих олив: безпечне зберігання, збір, передача, логістика та документи для підприємств.",https://guide.youreco.com.ua/pererobka-vidpracovanyh-masel.html,,no
public/plastyk-yak-vtorynna-syrovyna.html,7657,457,Пластик як вторинна сировина — Довідник YOURECO,Пластик як вторинна сировина,"Гайд для підприємств про «пластик як вторинна сировина»: види полімерів, сортування, зберігання, підготовка до переробки, логістика та підтверджуючі документи.",https://guide.youreco.com.ua/plastyk-yak-vtorynna-syrovyna.html,,no
public/plastykovi-vidhody.html,12090,930,Пластикові відходи — Довідник YOURECO,Пластикові відходи,"Гайд для підприємств про «пластикові відходи»: види полімерів, сортування, зберігання, підготовка до переробки, логістика та підтверджуючі документи.",https://guide.youreco.com.ua/plastykovi-vidhody.html,,no
public/podribnennya-shyn-gumova-kryshka.html,7688,468,Подрібнення шин та гумова крихта — Довідник YOURECO,Подрібнення шин та гумова крихта,"Подрібнення шин: як отримують гумову крихту, де вона використовується, і що важливо знати підприємству при передачі шин.",https://guide.youreco.com.ua/podribnennya-shyn-gumova-kryshka.html,,no
public/promyslovi-vidhody-na-pidpryyemstvi.html,8769,505,Промислові відходи на підприємстві | YOURECO,Промислові відходи на підприємстві: облік і правила,"Промислові відходи на підприємстві: облік, правила зберігання, збір, вивезення та документи для передачі.",https://guide.youreco.com.ua/promyslovi-vidhody-na-pidpryyemstvi.html,,no
public/promyslovi-vidhody.html,16506,1233,Промислові відходи — Довідник YOURECO,Промислові відходи,"Промислові відходи: види, приклади, вимоги до збирання й зберігання, вивезення, утилізація, переробка та документи.",https://guide.youreco.com.ua/promyslovi-vidhody.html,,no
public/pryjom-kabelyu-na-utylizaciyu.html,8302,470,Приймання кабелю на утилізацію — Довідник YOURECO,Приймання кабелю на утилізацію,"Приймання кабелю на утилізацію: які види кабелю приймають, як підготувати партію та які документи потрібні для підприємств.",https://guide.youreco.com.ua/pryjom-kabelyu-na-utylizaciyu.html,,no
public/reestr-partiyi.html,7883,543,Реєстр партії відходів | YOURECO,Реєстр партії відходів: що містить цей документ,"Реєстр партії відходів: які позиції, кількість, типи матеріалів, обладнання чи продукції вносять перед утилізацією або переробкою.",https://guide.youreco.com.ua/reestr-partiyi.html,,no
public/scenarii-utilizaciyi.html,8770,590,Сценарії передачі продукції на утилізацію | YOURECO,Типові сценарії передачі продукції та матеріалів на утилізацію,"Типові сценарії утилізації продукції: списання товарів, складські залишки, повернення з мережі, виробничий брак і документи.",https://guide.youreco.com.ua/scenarii-utilizaciyi.html,,no
public/shcho-take-pererobka-vidhodiv.html,8611,655,Що таке переробка відходів | YOURECO,Що таке переробка відходів: як працює цей процес,"Переробка відходів є процесом повернення придатних матеріалів у повторний обіг після сортування, підготовки та технічного оброблення.",https://guide.youreco.com.ua/shcho-take-pererobka-vidhodiv.html,,no
public/shcho-take-promyslovi-vidhody.html,8780,643,Що таке промислові відходи | YOURECO,Що таке промислові відходи: як підприємства визначають цей потік,"Промислові відходи: що це за матеріали й залишки, де вони утворюються на підприємстві та як їх правильно визначати.",https://guide.youreco.com.ua/shcho-take-promyslovi-vidhody.html,,no
public/shcho-take-utylizaciya.html,8770,660,Що таке утилізація | YOURECO,Що таке утилізація: як підприємства розуміють цю операцію,"Утилізація: контрольована операція поводження з матеріалами або відходами, які потребують обробки, передачі чи знищення.",https://guide.youreco.com.ua/shcho-take-utylizaciya.html,,no
public/shcho-take-znyshchennya-produkciyi.html,8755,646,Що таке знищення продукції | YOURECO,Що таке знищення продукції: коли застосовується ця процедура,"Знищення продукції є процедурою, у межах якої товар або матеріал остаточно вилучається з обігу шляхом фізичного припинення його існування як придатного об",https://guide.youreco.com.ua/shcho-take-znyshchennya-produkciyi.html,,no
public/shyny.html,7549,466,Шини — редирект — Довідник YOURECO,Шини — редирект,"Довідкова сторінка YOURECO про «Шини — редирект»: пояснення, підготовка, документи, логістика та пов’язані матеріали.",https://guide.youreco.com.ua/utylizaciya-shyn.html,0; url=/utylizaciya-shyn.html,no
public/skilky-koshtuye-pererobka-kabelyu.html,7763,466,Передання кабелю на переробку | YOURECO,Від чого залежить порядок передання кабелю на переробку,"Скільки коштує переробка кабелю: від чого залежить вартість, як оцінюється партія, що впливає на логістику та документи.",https://guide.youreco.com.ua/skilky-koshtuye-pererobka-kabelyu.html,,no
public/skladuvannya-promyslovyh-vidhodiv.html,10626,527,Складування промислових відходів — Довідник YOURECO,Складування промислових відходів,"Довідка для підприємств про «складування промислових відходів»: що включає, як підготувати партію, правила зберігання, логістика, документи та типові помилки.",https://guide.youreco.com.ua/skladuvannya-promyslovyh-vidhodiv.html,,no
public/sortuvannya/index.html,10349,426,Матеріали про сортування відходів — Довідник YOURECO,Матеріали про сортування відходів,"Навігація за матеріалами про сортування відходів: розділення потоків, підготовка партій і типові вимоги до передачі.",https://guide.youreco.com.ua/sortuvannya.html,,no
public/sortuvannya-budivelnyh-vidhodiv.html,10434,775,Сортування будівельних відходів — Довідник YOURECO,Сортування будівельних відходів,"Сортування будівельного відходи: як розділяти фракції, що віддати на переробку, і як оформити передачу відходів документально.",https://guide.youreco.com.ua/sortuvannya-budivelnyh-vidhodiv.html,,no
public/sortuvannya-plastyku.html,9822,735,Сортування пластику — Довідник YOURECO,Сортування пластику,"Гайд для підприємств про «сортування пластику»: види полімерів, сортування, зберігання, підготовка до переробки, логістика та підтверджуючі документи.",https://guide.youreco.com.ua/sortuvannya-plastyku.html,,no
public/sortuvannya-promyslovyh-vidhodiv.html,10481,500,Сортування промислових відходів — Довідник YOURECO,Сортування промислових відходів,"Довідка для підприємств про «сортування промислових відходів»: що включає, як підготувати партію, правила зберігання, логістика, документи та типові помилки.",https://guide.youreco.com.ua/sortuvannya-promyslovyh-vidhodiv.html,,no
public/spysannya-kosmetychnyh-tovariv.html,7989,471,Списання косметичних товарів — Довідник YOURECO,Списання косметичних товарів,"Списання косметичних товарів: що приймають, як організувати збір/вивезення та які документи потрібні для підприємств. Поради та перелінковка довідника YOURECO.",https://guide.youreco.com.ua/spysannya-kosmetychnyh-tovariv.html,,no
public/spysannya-produktiv.html,10522,708,Списання продуктів: як правильно оформити — Довідник YOURECO,Списання продуктів: як правильно оформити,"Списання продуктів: як оформити партію, організувати збір і вивезення та які документи потрібні підприємству.",https://guide.youreco.com.ua/spysannya-produktiv.html,,no
public/transportuvannya-vidpracovanyh-masel.html,10322,756,Транспортування відпрацьованих олив — Довідник YOURECO,Транспортування відпрацьованих олив,"Транспортування відпрацьованих олив: як підготувати партію, узгодити вивезення, безпека та документи для підприємств.",https://guide.youreco.com.ua/transportuvannya-vidpracovanyh-masel.html,,no
public/transportuvannya-vidpracovanyh-shyn.html,10166,754,Транспортування відпрацьованих шин — Довідник YOURECO,Транспортування відпрацьованих шин,"Транспортування відпрацьованих шин: як підготувати майданчик, яку тару обрати та як організувати вивезення для підприємств.",https://guide.youreco.com.ua/transportuvannya-vidpracovanyh-shyn.html,,no
public/utylizaciya/index.html,15575,428,Матеріали про утилізацію відходів — Довідник YOURECO,Матеріали про утилізацію відходів,"Навігація за матеріалами про утилізацію відходів: сценарії передачі, підготовка партій, документи та галузеві випадки.",https://guide.youreco.com.ua/utylizaciya.html,,no
public/utylizaciya-avtoshyn.html,12623,783,Куди передають автомобільні шини на утилізацію — Довідник YOURECO,Куди передають автомобільні шини на утилізацію,"Практичний гайд для бізнесу про «утилізацію автомобільних шин»: класифікація шин/гуми, зберігання, підготовка до вивезення, маршрути переробки та документи.",https://guide.youreco.com.ua/utylizaciya-avtoshyn.html,,no
public/utylizaciya-budivelnyh-vidhodiv.html,13101,790,Утилізація будівельних відходів | YOURECO,Порядок утилізації будівельних відходів для підприємств,"Утилізація будівельних відходів: що приймають, як організувати збір, вивезення та документи для підприємств.",https://guide.youreco.com.ua/utylizaciya-budivelnyh-vidhodiv.html,,no
public/utylizaciya-derevyny-z-budivnyctva.html,12875,787,Утилізація деревини з будівництва | YOURECO,Як передають на утилізацію деревину з будівництва,"Довідка для підприємств про «утилізацію деревини з будівництва»: що включає, як підготувати партію, правила зберігання, логістика, документи та типові помилки.",https://guide.youreco.com.ua/utylizaciya-derevyny-z-budivnyctva.html,,no
public/utylizaciya-energetychnyh-napoyiv.html,12648,768,Куди передають енергетичні напої на утилізацію — Довідник YOURECO,Куди передають енергетичні напої на утилізацію,"Довідка для підприємств про «утилізацію енергетичних напоїв»: що включає, як підготувати партію, правила зберігання, логістика, документи та типові помилки.",https://guide.youreco.com.ua/utylizaciya-energetychnyh-napoyiv.html,,no
public/utylizaciya-fruktiv-ta-ovochiv.html,13244,841,Куди передають фрукти та овочі на утилізацію — Довідник YOURECO,Куди передають фрукти та овочі на утилізацію,"Утилізація фруктів та овочів: що приймають, як організувати збір/вивезення та які документи потрібні для підприємств. Поради та перелінковка довідника YOURECO.",https://guide.youreco.com.ua/utylizaciya-fruktiv-ta-ovochiv.html,,no
public/utylizaciya-fruktiv.html,10369,532,Куди передають фрукти на утилізацію — Довідник YOURECO,Куди передають фрукти на утилізацію,"Довідка для підприємств про «утилізацію фруктів»: що включає, як підготувати партію, правила зберігання, логістика, документи та типові помилки.",https://guide.youreco.com.ua/utylizaciya-fruktiv.html,,no
public/utylizaciya-gipsokartonu.html,10587,528,Куди передають гіпсокартон на утилізацію — Довідник YOURECO,Куди передають гіпсокартон на утилізацію,"Довідка для підприємств про «утилізацію гіпсокартону»: що включає, як підготувати партію, правила зберігання, логістика, документи та типові помилки.",https://guide.youreco.com.ua/utylizaciya-gipsokartonu.html,,no
public/utylizaciya-harchovyh-produktiv.html,13120,863,Утилізація харчових продуктів | YOURECO,Порядок утилізації харчових продуктів для підприємств,"Утилізація харчових продуктів: що приймають, як організувати збір/вивезення та які документи потрібні для підприємств. Поради та перелінковка довідника YOURECO.",https://guide.youreco.com.ua/utylizaciya-harchovyh-produktiv.html,,no
public/utylizaciya-kondyterskyh-vyrobiv.html,10729,541,Утилізація кондитерських виробів | YOURECO,Куди передають кондитерські вироби на утилізацію,"Довідка для підприємств про «утилізацію кондитерських виробів»: що включає, як підготувати партію, правила зберігання, логістика, документи та типові помилки.",https://guide.youreco.com.ua/utylizaciya-kondyterskyh-vyrobiv.html,,no
public/utylizaciya-konfidenciynykh-dokumentiv.html,20053,1443,Утилізація конфіденційних документів | YOURECO,Документи для утилізації конфіденційних документів,"Як правильно організувати утилізацію конфіденційних документів: підготовка, логістика, документи підтвердження та типові запитання.",https://guide.youreco.com.ua/utylizaciya-konfidenciynykh-dokumentiv.html,,no
public/utylizaciya-kosmetiki.html,3577,119,Куди здати утилізація косметіки — Довідник YOURECO,Куди здати утилізація косметіки,"Практичний гайд про те, куди здати утилізація косметіки, як підготувати передачу, які документи потрібні та на що звернути увагу.",https://guide.youreco.com.ua/utylizaciya-kosmetyky.html,0; url=/utylizaciya-kosmetyky.html,no
public/utylizaciya-materialiv.html,14227,1010,Порядок утилізації матеріалів для підприємств — Довідник YOURECO,Порядок утилізації матеріалів для підприємств,"Хаб-сторінка: утилізація та переробка матеріалів (пластик/полімери, будівельні відходи, шини, оливи, некондиційна сировина).",https://guide.youreco.com.ua/utylizaciya-materialiv.html,,no
public/utylizaciya-metalevoyi-strushky.html,8264,467,Куди передають металеву стружку на утилізацію — Довідник YOURECO,Куди передають металеву стружку на утилізацію,"Довідка для підприємств про «утилізацію металевої стружки»: що включає, як підготувати партію, правила зберігання, логістика, документи та типові помилки.",https://guide.youreco.com.ua/utylizaciya-metalevoyi-strushky.html,,no
public/utylizaciya-metalu.html,9886,528,Як оформлюється утилізація металу — Довідник YOURECO,Як оформлюється утилізація металу,"Довідка для підприємств про «утилізацію металу»: що включає, як підготувати партію, правила зберігання, логістика, документи та типові помилки.",https://guide.youreco.com.ua/utylizaciya-metalu.html,,no
public/utylizaciya-molochnyh-produktiv.html,10687,537,Куди передають молочні продукти на утилізацію — Довідник YOURECO,Куди передають молочні продукти на утилізацію,"Довідка для підприємств про «утилізацію молочних продуктів»: що включає, як підготувати партію, правила зберігання, логістика, документи та типові помилки.",https://guide.youreco.com.ua/utylizaciya-molochnyh-produktiv.html,,no
public/utylizaciya-napivfabrykatyv.html,10852,532,Куди передають напівфабрикати на утилізацію — Довідник YOURECO,Куди передають напівфабрикати на утилізацію,"Утилізація напівфабрикатів: що приймають, як організувати збір/вивезення та які документи потрібні для підприємств. Поради та перелінковка довідника YOURECO.",https://guide.youreco.com.ua/utylizaciya-napivfabrykatyv.html,,no
public/utylizaciya-nekondyciynoyi-produkciyi.html,10683,576,Порядок утилізації некондиційної продукції — Довідник YOURECO,Порядок утилізації некондиційної продукції,"Довідка для підприємств про «утилізацію некондиційної продукції»: що включає, як підготувати партію, правила зберігання, логістика, документи та типові помилки.",https://guide.youreco.com.ua/utylizaciya-nekondyciynoyi-produkciyi.html,,no
public/utylizaciya-obladnannya.html,14529,937,Порядок утилізації обладнання для підприємств — Довідник YOURECO,Порядок утилізації обладнання для підприємств,"Хаб-сторінка: як правильно утилізувати обладнання та техніку (промислове обладнання, кабель, батареї, оргтехніка) з документами.",https://guide.youreco.com.ua/utylizaciya-obladnannya.html,,no
public/utylizaciya-ovochiv.html,10592,533,Куди передають овочі на утилізацію — Довідник YOURECO,Куди передають овочі на утилізацію,"Довідка для підприємств про «утилізацію овочів»: що включає, як підготувати партію, правила зберігання, логістика, документи та типові помилки.",https://guide.youreco.com.ua/utylizaciya-ovochiv.html,,no
public/utylizaciya-paperu-ta-kartonu.html,12652,831,Як оформлюється утилізація паперу та картону — Довідник YOURECO,Як оформлюється утилізація паперу та картону,"Довідка для підприємств про «утилізацію паперу та картону»: що включає, як підготувати партію, правила зберігання, логістика, документи та типові помилки.",https://guide.youreco.com.ua/utylizaciya-paperu-ta-kartonu.html,,no
public/utylizaciya-parfumeriyi.html,10543,516,Куди передають парфумерію на утилізацію — Довідник YOURECO,Куди передають парфумерію на утилізацію,"Довідка для підприємств про «утилізацію парфумерії»: що включає, як підготувати партію, правила зберігання, логістика, документи та типові помилки.",https://guide.youreco.com.ua/utylizaciya-parfumeriyi.html,,no
public/utylizaciya-partiyi-produktiv.html,10626,544,Документи для утилізації партії продуктів — Довідник YOURECO,Документи для утилізації партії продуктів,"Довідка для підприємств про «утилізацію партії продуктів»: що включає, як підготувати партію, правила зберігання, логістика, документи та типові помилки.",https://guide.youreco.com.ua/utylizaciya-partiyi-produktiv.html,,no
public/utylizaciya-produktiv-na-skladi.html,10691,550,Порядок утилізації продуктів на складі — Довідник YOURECO,Порядок утилізації продуктів на складі,"Довідка для підприємств про «утилізацію продуктів на складі»: що включає, як підготувати партію, правила зберігання, логістика, документи та типові помилки.",https://guide.youreco.com.ua/utylizaciya-produktiv-na-skladi.html,,no
public/utylizaciya-promyslovogo-obladnannya-mehanizmiv.html,11762,569,Утилізація промислового обладнання | YOURECO,Порядок утилізації промислового обладнання та механізмів,"Утилізація промислового обладнання: списання, демонтаж, сортування металу, електроніки й небезпечних компонентів, документи.",https://guide.youreco.com.ua/utylizaciya-promyslovogo-obladnannya-mehanizmiv.html,,no
public/utylizaciya-prostrochenoyi-kosmetyky.html,12991,811,Утилізація простроченої косметики | YOURECO,Куди передають прострочену косметику на утилізацію,"Утилізація простроченої косметики: що приймають, як організувати збір, вивезення та документи для підприємств.",https://guide.youreco.com.ua/utylizaciya-prostrochenoyi-kosmetyky.html,,no
public/utylizaciya-pyva.html,10562,543,Куди передають пиво на утилізацію — Довідник YOURECO,Куди передають пиво на утилізацію,"Довідка для підприємств про «утилізацію пива»: що включає, як підготувати партію, правила зберігання, логістика, документи та типові помилки.",https://guide.youreco.com.ua/utylizaciya-pyva.html,,no
public/utylizaciya-shin.html,3380,112,Куди здати утилізація шин — Довідник YOURECO,Куди здати утилізація шин,"Практичний гайд про те, куди здати утилізація шин, як підготувати передачу, які документи потрібні та на що звернути увагу.",https://guide.youreco.com.ua/utylizaciya-shyn.html,0; url=/utylizaciya-shyn.html,no
public/utylizaciya-shyn-pidpryyemstvamy.html,9825,509,Документи для утилізації шин підприємствами — Довідник YOURECO,Документи для утилізації шин підприємствами,"Утилізація шин підприємствами: як оформити передачу, які обсяги приймають, логістика та документи для аудиту/перевірок.",https://guide.youreco.com.ua/utylizaciya-shyn-pidpryyemstvamy.html,,no
public/utylizaciya-skla.html,10347,533,Куди передають скло на утилізацію — Довідник YOURECO,Куди передають скло на утилізацію,"Довідка для підприємств про «утилізацію скла»: що включає, як підготувати партію, правила зберігання, логістика, документи та типові помилки.",https://guide.youreco.com.ua/utylizaciya-skla.html,,no
public/utylizaciya-skladskyh-zalyshkiv.html,9887,519,Порядок утилізації складських залишків — Довідник YOURECO,Порядок утилізації складських залишків,"Довідка для підприємств про «утилізацію складських залишків»: що включає, як підготувати партію, правила зберігання, логістика, документи та типові помилки.",https://guide.youreco.com.ua/utylizaciya-skladskyh-zalyshkiv.html,,no
public/utylizaciya-sokiv-ta-napoyiv.html,12868,802,Куди передають соки та напої на утилізацію — Довідник YOURECO,Куди передають соки та напої на утилізацію,"Утилізація соків та напоїв: що приймають, як організувати збір/вивезення та які документи потрібні для підприємств. Поради та перелінковка довідника YOURECO.",https://guide.youreco.com.ua/utylizaciya-sokiv-ta-napoyiv.html,,no
public/utylizaciya-sokiv.html,9500,509,Куди передають соки на утилізацію — Довідник YOURECO,Куди передають соки на утилізацію,"Довідка для підприємств про «утилізацію соків»: що включає, як підготувати партію, правила зберігання, логістика, документи та типові помилки.",https://guide.youreco.com.ua/utylizaciya-sokiv.html,,no
public/utylizaciya-tovariv.html,9769,513,Порядок утилізації товарів для підприємств — Довідник YOURECO,Порядок утилізації товарів для підприємств,"Довідник для бізнесу: як списувати та утилізувати товари (продукти, косметика, одяг, меблі, документи) з правильними документами.",https://guide.youreco.com.ua/utylizaciya-tovariv.html,,no
public/utylizaciya-upakovky-na-pidpryyemstvi.html,9968,533,Порядок утилізації упаковки на підприємстві — Довідник YOURECO,Порядок утилізації упаковки на підприємстві,"Утилізація упаковки на підприємстві: підготовка партії, зберігання, логістика, документи та типові помилки.",https://guide.youreco.com.ua/utylizaciya-upakovky-na-pidpryyemstvi.html,,no
public/utylizaciya-upakovky-vid-kosmetyky.html,12013,774,Утилізація упаковки від косметики | YOURECO,Куди передають упаковку від косметики на утилізацію,"Довідка для підприємств про «утилізацію упаковки від косметики»: що включає, як підготувати партію, правила зберігання, логістика, документи та типові помилки.",https://guide.youreco.com.ua/utylizaciya-upakovky-vid-kosmetyky.html,,no
public/utylizaciya-vantazhnyh-shyn.html,11916,773,Куди передають вантажні шини на утилізацію — Довідник YOURECO,Куди передають вантажні шини на утилізацію,"Практичний гайд для бізнесу про «утилізацію вантажних шин»: класифікація шин/гуми, зберігання, підготовка до вивезення, маршрути переробки та документи.",https://guide.youreco.com.ua/utylizaciya-vantazhnyh-shyn.html,,no
public/utylizaciya-vidpracovanyh-masel.html,10216,520,Як оформлюється утилізація відпрацьованих олив — Довідник YOURECO,Як оформлюється утилізація відпрацьованих олив,"Утилізація відпрацьованих олив: що приймають, як організувати збір, вивезення та документи для підприємств.",https://guide.youreco.com.ua/utylizaciya-vidpracovanyh-masel.html,,no
public/utylizaciya-vody.html,12075,808,Порядок утилізації води та товарних залишків — Довідник YOURECO,Порядок утилізації води та товарних залишків,"Довідка для підприємств про «утилізацію води (товарні залишки)»: що включає, як підготувати партію, правила зберігання, логістика, документи та типові помилки.",https://guide.youreco.com.ua/utylizaciya-vody.html,,no
public/utylizaciya-vyrobnychyh-vidhodiv.html,10625,576,Утилізація виробничих відходів | YOURECO,Порядок утилізації виробничих відходів для підприємств,"Довідка для підприємств про «утилізацію виробничих відходів»: що включає, як підготувати партію, правила зберігання, логістика, документи та типові помилки.",https://guide.youreco.com.ua/utylizaciya-vyrobnychyh-vidhodiv.html,,no
public/utylizaciya-yagid.html,10401,533,Куди передають ягоди на утилізацію — Довідник YOURECO,Куди передають ягоди на утилізацію,"Довідка для підприємств про «утилізацію ягід»: що включає, як підготувати партію, правила зберігання, логістика, документи та типові помилки.",https://guide.youreco.com.ua/utylizaciya-yagid.html,,no
public/vidhody-demontazhu.html,8151,431,Відходи демонтажу | YOURECO,Відходи демонтажу: сортування та порядок передання,"Відходи демонтажу: сортування, утилізація, організація збору, вивезення та документи для підприємств.",https://guide.youreco.com.ua/vidhody-demontazhu.html,,no
public/vidhody-gumy.html,7563,452,Відходи гуми: що відноситься і як утилізують — Довідник YOURECO,Відходи гуми: що відноситься і як утилізують,"Відходи гуми: що відноситься до потоку, як їх утилізують, організовують збір, вивезення та документи.",https://guide.youreco.com.ua/vidhody-gumy.html,,no
public/vidhody-polimeriv.html,11481,911,Відходи полімерів — Довідник YOURECO,Відходи полімерів,"Гайд для підприємств про «відходи полімерів»: види полімерів, сортування, зберігання, підготовка до переробки, логістика та підтверджуючі документи.",https://guide.youreco.com.ua/vidhody-polimeriv.html,,no
public/vidhody-vyrobnyctva.html,7778,444,Відходи виробництва: класифікація та приклади — Довідник YOURECO,Відходи виробництва: класифікація та приклади,"Відходи виробництва: класифікація та приклади: що приймають, як організувати збір/вивезення та які документи потрібні для підприємств. Поради та перелінковка…",https://guide.youreco.com.ua/vidhody-vyrobnyctva.html,,no
public/vidy-kabelnyh-vidhodiv.html,10665,761,Види кабельних відходів — Довідник YOURECO,Види кабельних відходів,"Види кабельних відходів: класифікація, приклади з підприємств, як правильно сортувати та передавати на утилізацію.",https://guide.youreco.com.ua/vidy-kabelnyh-vidhodiv.html,,no
public/vidy-plastykovyh-vidhodiv.html,11664,940,Види пластикових відходів — Довідник YOURECO,Види пластикових відходів,"Види пластикових відходів: PET, HDPE, PP, PS та інші. Як відрізняти, сортувати й передавати на переробку підприємствам.",https://guide.youreco.com.ua/vidy-plastykovyh-vidhodiv.html,,no
public/vnutrishniy-akt-spysannya.html,8315,533,Внутрішній акт списання | YOURECO,Внутрішній акт списання: коли використовується перед передачею відходів,"Внутрішній акт списання: як підтвердити виведення матеріалів, обладнання або продукції з обліку перед утилізацією.",https://guide.youreco.com.ua/vnutrishniy-akt-spysannya.html,,no
public/vtorynna-syrovyna-z-budivelnyh-vidhodiv.html,8303,450,Вторинна сировина з будівельних відходів — Довідник YOURECO,Вторинна сировина з будівельних відходів,"Вторинна сировина з будівельних відходів: що можна повернути в обіг, як підготувати матеріали та які документи потрібні.",https://guide.youreco.com.ua/vtorynna-syrovyna-z-budivelnyh-vidhodiv.html,,no
public/vtorynna-syrovyna-z-vidhodiv.html,10390,508,Вторинна сировина з відходів — Довідник YOURECO,Вторинна сировина з відходів,"Довідка для підприємств про «вторинна сировина з відходів»: що включає, як підготувати партію, правила зберігання, логістика, документи та типові помилки.",https://guide.youreco.com.ua/vtorynna-syrovyna-z-vidhodiv.html,,no
public/vymogy-do-zberigannya-vidhodiv.html,12542,821,Вимоги до зберігання відходів — Довідник YOURECO,Вимоги до зберігання відходів,"Довідка для підприємств про «вимоги до зберігання відходів»: що включає, як підготувати партію, правила зберігання, логістика, документи та типові помилки.",https://guide.youreco.com.ua/vymogy-do-zberigannya-vidhodiv.html,,no
public/vyviz-budivelnyh-vidhodiv.html,12043,902,Передання будівельних відходів | YOURECO,Як організовується передання будівельних відходів,"Вивіз будівельних відходів: як організувати контейнер, сортування, графік вивезення та пакет документів для підприємств.",https://guide.youreco.com.ua/vyviz-budivelnyh-vidhodiv.html,,no
public/yak-vidbuvayetsya-utylizaciya-produkciyi.html,13740,982,Як відбувається утилізація продукції — етапи для підприємств,Як відбувається утилізація продукції,"Етапи утилізації продукції для підприємств: рішення, документи, підготовка партії, передача виконавцю та підтвердження.",https://guide.youreco.com.ua/yak-vidbuvayetsya-utylizaciya-produkciyi.html,,no
public/zberigannya-vidpracovanyh-masel.html,11475,910,Зберігання відпрацьованих олив — Довідник YOURECO,Зберігання відпрацьованих олив,"Зберігання відпрацьованих олив: тара, маркування, вимоги безпеки та підготовка до передачі на утилізацію.",https://guide.youreco.com.ua/zberigannya-vidpracovanyh-masel.html,,no
public/zbir-kabelyu.html,9545,498,Збір кабелю — Довідник YOURECO,Збір кабелю,"Гайд для бізнесу про «збір кабелю»: що відноситься до кабельних відходів, як зберігати та передавати, як оформити документи і організувати логістику.",https://guide.youreco.com.ua/zbir-kabelyu.html,,no
public/zbir-kartonu-na-pidpryyemstvi.html,10358,505,Збір картону на підприємстві — Довідник YOURECO,Збір картону на підприємстві,"Довідка для підприємств про «збір картону на підприємстві»: що включає, як підготувати партію, правила зберігання, логістика, документи та типові помилки.",https://guide.youreco.com.ua/zbir-kartonu-na-pidpryyemstvi.html,,no
public/zbir-metalu-na-pidpryyemstvi.html,9783,507,Збір металу на підприємстві — Довідник YOURECO,Збір металу на підприємстві,"Довідка для підприємств про «збір металу на підприємстві»: що включає, як підготувати партію, правила зберігання, логістика, документи та типові помилки.",https://guide.youreco.com.ua/zbir-metalu-na-pidpryyemstvi.html,,no
public/zbir-plastyku-na-pidpryyemstvi.html,9905,501,Збір пластику на підприємстві — Довідник YOURECO,Збір пластику на підприємстві,"Гайд для підприємств про «збір пластику на підприємстві»: види полімерів, сортування, зберігання, підготовка до переробки, логістика та підтверджуючі документи.",https://guide.youreco.com.ua/zbir-plastyku-na-pidpryyemstvi.html,,no
public/zbir-promyslovyh-vidhodiv.html,10935,546,Збір промислових відходів | YOURECO,Збір промислових відходів: організація та вимоги,"Збір промислових відходів: організація, вимоги, вивезення та документи для підприємств.",https://guide.youreco.com.ua/zbir-promyslovyh-vidhodiv.html,,no
public/zbir-shyn-na-pidpryyemstvi.html,10215,511,Збір шин на підприємстві — Довідник YOURECO,Збір шин на підприємстві,"Практичний гайд для бізнесу про «збір шин на підприємстві»: класифікація шин/гуми, зберігання, підготовка до вивезення, маршрути переробки та документи.",https://guide.youreco.com.ua/zbir-shyn-na-pidpryyemstvi.html,,no
public/zbir-sklyanoyi-tary.html,10166,520,Збір скляної тари — Довідник YOURECO,Збір скляної тари,"Довідка для підприємств про «збір скляної тари»: що включає, як підготувати партію, правила зберігання, логістика, документи та типові помилки.",https://guide.youreco.com.ua/zbir-sklyanoyi-tary.html,,no
public/zbir-vidpracovanoyi-olyvy.html,10015,504,Збір відпрацьованої оливи — Довідник YOURECO,Збір відпрацьованої оливи,"Збір відпрацьованої оливи: що приймають, як організувати збір/вивезення та які документи потрібні для підприємств. Поради та перелінковка довідника YOURECO.",https://guide.youreco.com.ua/zbir-vidpracovanoyi-olyvy.html,,no
public/znyshchennya-kosmetyky.html,8125,432,Знищення косметики | YOURECO,Знищення косметики: коли потрібне і які документи,"Знищення косметики: коли потрібне, як організувати збір і вивезення та які документи потрібні підприємству.",https://guide.youreco.com.ua/znyshchennya-kosmetyky.html,,no
reestr-partiyi.html,7883,543,Реєстр партії відходів | YOURECO,Реєстр партії відходів: що містить цей документ,"Реєстр партії відходів: які позиції, кількість, типи матеріалів, обладнання чи продукції вносять перед утилізацією або переробкою.",https://guide.youreco.com.ua/reestr-partiyi.html,,no
scenarii-utilizaciyi.html,8770,590,Сценарії передачі продукції на утилізацію | YOURECO,Типові сценарії передачі продукції та матеріалів на утилізацію,"Типові сценарії утилізації продукції: списання товарів, складські залишки, повернення з мережі, виробничий брак і документи.",https://guide.youreco.com.ua/scenarii-utilizaciyi.html,,no
shcho-take-pererobka-vidhodiv.html,8611,655,Що таке переробка відходів | YOURECO,Що таке переробка відходів: як працює цей процес,"Переробка відходів є процесом повернення придатних матеріалів у повторний обіг після сортування, підготовки та технічного оброблення.",https://guide.youreco.com.ua/shcho-take-pererobka-vidhodiv.html,,no
shcho-take-promyslovi-vidhody.html,8780,643,Що таке промислові відходи | YOURECO,Що таке промислові відходи: як підприємства визначають цей потік,"Промислові відходи: що це за матеріали й залишки, де вони утворюються на підприємстві та як їх правильно визначати.",https://guide.youreco.com.ua/shcho-take-promyslovi-vidhody.html,,no
shcho-take-utylizaciya.html,8770,660,Що таке утилізація | YOURECO,Що таке утилізація: як підприємства розуміють цю операцію,"Утилізація: контрольована операція поводження з матеріалами або відходами, які потребують обробки, передачі чи знищення.",https://guide.youreco.com.ua/shcho-take-utylizaciya.html,,no
shcho-take-znyshchennya-produkciyi.html,8755,646,Що таке знищення продукції | YOURECO,Що таке знищення продукції: коли застосовується ця процедура,"Знищення продукції є процедурою, у межах якої товар або матеріал остаточно вилучається з обігу шляхом фізичного припинення його існування як придатного об",https://guide.youreco.com.ua/shcho-take-znyshchennya-produkciyi.html,,no
shyny.html,7549,466,Шини — редирект — Довідник YOURECO,Шини — редирект,"Довідкова сторінка YOURECO про «Шини — редирект»: пояснення, підготовка, документи, логістика та пов’язані матеріали.",https://guide.youreco.com.ua/utylizaciya-shyn.html,0; url=/utylizaciya-shyn.html,no
skilky-koshtuye-pererobka-kabelyu.html,7763,466,Передання кабелю на переробку | YOURECO,Від чого залежить порядок передання кабелю на переробку,"Скільки коштує переробка кабелю: від чого залежить вартість, як оцінюється партія, що впливає на логістику та документи.",https://guide.youreco.com.ua/skilky-koshtuye-pererobka-kabelyu.html,,no
skladuvannya-promyslovyh-vidhodiv.html,10626,527,Складування промислових відходів — Довідник YOURECO,Складування промислових відходів,"Довідка для підприємств про «складування промислових відходів»: що включає, як підготувати партію, правила зберігання, логістика, документи та типові помилки.",https://guide.youreco.com.ua/skladuvannya-promyslovyh-vidhodiv.html,,no
sortuvannya/index.html,10349,426,Матеріали про сортування відходів — Довідник YOURECO,Матеріали про сортування відходів,"Навігація за матеріалами про сортування відходів: розділення потоків, підготовка партій і типові вимоги до передачі.",https://guide.youreco.com.ua/sortuvannya.html,,no
sortuvannya-budivelnyh-vidhodiv.html,10434,775,Сортування будівельних відходів — Довідник YOURECO,Сортування будівельних відходів,"Сортування будівельного відходи: як розділяти фракції, що віддати на переробку, і як оформити передачу відходів документально.",https://guide.youreco.com.ua/sortuvannya-budivelnyh-vidhodiv.html,,no
sortuvannya-plastyku.html,9822,735,Сортування пластику — Довідник YOURECO,Сортування пластику,"Гайд для підприємств про «сортування пластику»: види полімерів, сортування, зберігання, підготовка до переробки, логістика та підтверджуючі документи.",https://guide.youreco.com.ua/sortuvannya-plastyku.html,,no
sortuvannya-promyslovyh-vidhodiv.html,10481,500,Сортування промислових відходів — Довідник YOURECO,Сортування промислових відходів,"Довідка для підприємств про «сортування промислових відходів»: що включає, як підготувати партію, правила зберігання, логістика, документи та типові помилки.",https://guide.youreco.com.ua/sortuvannya-promyslovyh-vidhodiv.html,,no
spysannya-kosmetychnyh-tovariv.html,7989,471,Списання косметичних товарів — Довідник YOURECO,Списання косметичних товарів,"Списання косметичних товарів: що приймають, як організувати збір/вивезення та які документи потрібні для підприємств. Поради та перелінковка довідника YOURECO.",https://guide.youreco.com.ua/spysannya-kosmetychnyh-tovariv.html,,no
spysannya-produktiv.html,10522,708,Списання продуктів: як правильно оформити — Довідник YOURECO,Списання продуктів: як правильно оформити,"Списання продуктів: як оформити партію, організувати збір і вивезення та які документи потрібні підприємству.",https://guide.youreco.com.ua/spysannya-produktiv.html,,no
transportuvannya-vidpracovanyh-masel.html,10322,756,Транспортування відпрацьованих олив — Довідник YOURECO,Транспортування відпрацьованих олив,"Транспортування відпрацьованих олив: як підготувати партію, узгодити вивезення, безпека та документи для підприємств.",https://guide.youreco.com.ua/transportuvannya-vidpracovanyh-masel.html,,no
transportuvannya-vidpracovanyh-shyn.html,10166,754,Транспортування відпрацьованих шин — Довідник YOURECO,Транспортування відпрацьованих шин,"Транспортування відпрацьованих шин: як підготувати майданчик, яку тару обрати та як організувати вивезення для підприємств.",https://guide.youreco.com.ua/transportuvannya-vidpracovanyh-shyn.html,,no
utylizaciya/index.html,15575,428,Матеріали про утилізацію відходів — Довідник YOURECO,Матеріали про утилізацію відходів,"Навігація за матеріалами про утилізацію відходів: сценарії передачі, підготовка партій, документи та галузеві випадки.",https://guide.youreco.com.ua/utylizaciya.html,,no
utylizaciya-avtoshyn.html,12623,783,Куди передають автомобільні шини на утилізацію — Довідник YOURECO,Куди передають автомобільні шини на утилізацію,"Практичний гайд для бізнесу про «утилізацію автомобільних шин»: класифікація шин/гуми, зберігання, підготовка до вивезення, маршрути переробки та документи.",https://guide.youreco.com.ua/utylizaciya-avtoshyn.html,,no
utylizaciya-budivelnyh-vidhodiv.html,13101,790,Утилізація будівельних відходів | YOURECO,Порядок утилізації будівельних відходів для підприємств,"Утилізація будівельних відходів: що приймають, як організувати збір, вивезення та документи для підприємств.",https://guide.youreco.com.ua/utylizaciya-budivelnyh-vidhodiv.html,,no
utylizaciya-derevyny-z-budivnyctva.html,12875,787,Утилізація деревини з будівництва | YOURECO,Як передають на утилізацію деревину з будівництва,"Довідка для підприємств про «утилізацію деревини з будівництва»: що включає, як підготувати партію, правила зберігання, логістика, документи та типові помилки.",https://guide.youreco.com.ua/utylizaciya-derevyny-z-budivnyctva.html,,no
utylizaciya-energetychnyh-napoyiv.html,12648,768,Куди передають енергетичні напої на утилізацію — Довідник YOURECO,Куди передають енергетичні напої на утилізацію,"Довідка для підприємств про «утилізацію енергетичних напоїв»: що включає, як підготувати партію, правила зберігання, логістика, документи та типові помилки.",https://guide.youreco.com.ua/utylizaciya-energetychnyh-napoyiv.html,,no
utylizaciya-fruktiv-ta-ovochiv.html,13244,841,Куди передають фрукти та овочі на утилізацію — Довідник YOURECO,Куди передають фрукти та овочі на утилізацію,"Утилізація фруктів та овочів: що приймають, як організувати збір/вивезення та які документи потрібні для підприємств. Поради та перелінковка довідника YOURECO.",https://guide.youreco.com.ua/utylizaciya-fruktiv-ta-ovochiv.html,,no
utylizaciya-fruktiv.html,10369,532,Куди передають фрукти на утилізацію — Довідник YOURECO,Куди передають фрукти на утилізацію,"Довідка для підприємств про «утилізацію фруктів»: що включає, як підготувати партію, правила зберігання, логістика, документи та типові помилки.",https://guide.youreco.com.ua/utylizaciya-fruktiv.html,,no
utylizaciya-gipsokartonu.html,10587,528,Куди передають гіпсокартон на утилізацію — Довідник YOURECO,Куди передають гіпсокартон на утилізацію,"Довідка для підприємств про «утилізацію гіпсокартону»: що включає, як підготувати партію, правила зберігання, логістика, документи та типові помилки.",https://guide.youreco.com.ua/utylizaciya-gipsokartonu.html,,no
utylizaciya-harchovyh-produktiv.html,13120,863,Утилізація харчових продуктів | YOURECO,Порядок утилізації харчових продуктів для підприємств,"Утилізація харчових продуктів: що приймають, як організувати збір/вивезення та які документи потрібні для підприємств. Поради та перелінковка довідника YOURECO.",https://guide.youreco.com.ua/utylizaciya-harchovyh-produktiv.html,,no
utylizaciya-kondyterskyh-vyrobiv.html,10729,541,Утилізація кондитерських виробів | YOURECO,Куди передають кондитерські вироби на утилізацію,"Довідка для підприємств про «утилізацію кондитерських виробів»: що включає, як підготувати партію, правила зберігання, логістика, документи та типові помилки.",https://guide.youreco.com.ua/utylizaciya-kondyterskyh-vyrobiv.html,,no
utylizaciya-konfidenciynykh-dokumentiv.html,20053,1443,Утилізація конфіденційних документів | YOURECO,Документи для утилізації конфіденційних документів,"Як правильно організувати утилізацію конфіденційних документів: підготовка, логістика, документи підтвердження та типові запитання.",https://guide.youreco.com.ua/utylizaciya-konfidenciynykh-dokumentiv.html,,no
utylizaciya-kosmetiki.html,3577,119,Куди здати утилізація косметіки — Довідник YOURECO,Куди здати утилізація косметіки,"Практичний гайд про те, куди здати утилізація косметіки, як підготувати передачу, які документи потрібні та на що звернути увагу.",https://guide.youreco.com.ua/utylizaciya-kosmetyky.html,0; url=/utylizaciya-kosmetyky.html,no
utylizaciya-materialiv.html,14227,1010,Порядок утилізації матеріалів для підприємств — Довідник YOURECO,Порядок утилізації матеріалів для підприємств,"Хаб-сторінка: утилізація та переробка матеріалів (пластик/полімери, будівельні відходи, шини, оливи, некондиційна сировина).",https://guide.youreco.com.ua/utylizaciya-materialiv.html,,no
utylizaciya-metalevoyi-strushky.html,8264,467,Куди передають металеву стружку на утилізацію — Довідник YOURECO,Куди передають металеву стружку на утилізацію,"Довідка для підприємств про «утилізацію металевої стружки»: що включає, як підготувати партію, правила зберігання, логістика, документи та типові помилки.",https://guide.youreco.com.ua/utylizaciya-metalevoyi-strushky.html,,no
utylizaciya-metalu.html,9886,528,Як оформлюється утилізація металу — Довідник YOURECO,Як оформлюється утилізація металу,"Довідка для підприємств про «утилізацію металу»: що включає, як підготувати партію, правила зберігання, логістика, документи та типові помилки.",https://guide.youreco.com.ua/utylizaciya-metalu.html,,no
utylizaciya-molochnyh-produktiv.html,10687,537,Куди передають молочні продукти на утилізацію — Довідник YOURECO,Куди передають молочні продукти на утилізацію,"Довідка для підприємств про «утилізацію молочних продуктів»: що включає, як підготувати партію, правила зберігання, логістика, документи та типові помилки.",https://guide.youreco.com.ua/utylizaciya-molochnyh-produktiv.html,,no
utylizaciya-napivfabrykatyv.html,10852,532,Куди передають напівфабрикати на утилізацію — Довідник YOURECO,Куди передають напівфабрикати на утилізацію,"Утилізація напівфабрикатів: що приймають, як організувати збір/вивезення та які документи потрібні для підприємств. Поради та перелінковка довідника YOURECO.",https://guide.youreco.com.ua/utylizaciya-napivfabrykatyv.html,,no
utylizaciya-nekondyciynoyi-produkciyi.html,10683,576,Порядок утилізації некондиційної продукції — Довідник YOURECO,Порядок утилізації некондиційної продукції,"Довідка для підприємств про «утилізацію некондиційної продукції»: що включає, як підготувати партію, правила зберігання, логістика, документи та типові помилки.",https://guide.youreco.com.ua/utylizaciya-nekondyciynoyi-produkciyi.html,,no
utylizaciya-obladnannya.html,14529,937,Порядок утилізації обладнання для підприємств — Довідник YOURECO,Порядок утилізації обладнання для підприємств,"Хаб-сторінка: як правильно утилізувати обладнання та техніку (промислове обладнання, кабель, батареї, оргтехніка) з документами.",https://guide.youreco.com.ua/utylizaciya-obladnannya.html,,no
utylizaciya-ovochiv.html,10592,533,Куди передають овочі на утилізацію — Довідник YOURECO,Куди передають овочі на утилізацію,"Довідка для підприємств про «утилізацію овочів»: що включає, як підготувати партію, правила зберігання, логістика, документи та типові помилки.",https://guide.youreco.com.ua/utylizaciya-ovochiv.html,,no
utylizaciya-paperu-ta-kartonu.html,12652,831,Як оформлюється утилізація паперу та картону — Довідник YOURECO,Як оформлюється утилізація паперу та картону,"Довідка для підприємств про «утилізацію паперу та картону»: що включає, як підготувати партію, правила зберігання, логістика, документи та типові помилки.",https://guide.youreco.com.ua/utylizaciya-paperu-ta-kartonu.html,,no
utylizaciya-parfumeriyi.html,10543,516,Куди передають парфумерію на утилізацію — Довідник YOURECO,Куди передають парфумерію на утилізацію,"Довідка для підприємств про «утилізацію парфумерії»: що включає, як підготувати партію, правила зберігання, логістика, документи та типові помилки.",https://guide.youreco.com.ua/utylizaciya-parfumeriyi.html,,no
utylizaciya-partiyi-produktiv.html,10626,544,Документи для утилізації партії продуктів — Довідник YOURECO,Документи для утилізації партії продуктів,"Довідка для підприємств про «утилізацію партії продуктів»: що включає, як підготувати партію, правила зберігання, логістика, документи та типові помилки.",https://guide.youreco.com.ua/utylizaciya-partiyi-produktiv.html,,no
utylizaciya-produktiv-na-skladi.html,10691,550,Порядок утилізації продуктів на складі — Довідник YOURECO,Порядок утилізації продуктів на складі,"Довідка для підприємств про «утилізацію продуктів на складі»: що включає, як підготувати партію, правила зберігання, логістика, документи та типові помилки.",https://guide.youreco.com.ua/utylizaciya-produktiv-na-skladi.html,,no
utylizaciya-promyslovogo-obladnannya-mehanizmiv.html,11762,569,Утилізація промислового обладнання | YOURECO,Порядок утилізації промислового обладнання та механізмів,"Утилізація промислового обладнання: списання, демонтаж, сортування металу, електроніки й небезпечних компонентів, документи.",https://guide.youreco.com.ua/utylizaciya-promyslovogo-obladnannya-mehanizmiv.html,,no
utylizaciya-prostrochenoyi-kosmetyky.html,12991,811,Утилізація простроченої косметики | YOURECO,Куди передають прострочену косметику на утилізацію,"Утилізація простроченої косметики: що приймають, як організувати збір, вивезення та документи для підприємств.",https://guide.youreco.com.ua/utylizaciya-prostrochenoyi-kosmetyky.html,,no
utylizaciya-pyva.html,10562,543,Куди передають пиво на утилізацію — Довідник YOURECO,Куди передають пиво на утилізацію,"Довідка для підприємств про «утилізацію пива»: що включає, як підготувати партію, правила зберігання, логістика, документи та типові помилки.",https://guide.youreco.com.ua/utylizaciya-pyva.html,,no
utylizaciya-shin.html,3380,112,Куди здати утилізація шин — Довідник YOURECO,Куди здати утилізація шин,"Практичний гайд про те, куди здати утилізація шин, як підготувати передачу, які документи потрібні та на що звернути увагу.",https://guide.youreco.com.ua/utylizaciya-shyn.html,0; url=/utylizaciya-shyn.html,no
utylizaciya-shyn-pidpryyemstvamy.html,9825,509,Документи для утилізації шин підприємствами — Довідник YOURECO,Документи для утилізації шин підприємствами,"Утилізація шин підприємствами: як оформити передачу, які обсяги приймають, логістика та документи для аудиту/перевірок.",https://guide.youreco.com.ua/utylizaciya-shyn-pidpryyemstvamy.html,,no
utylizaciya-skla.html,10347,533,Куди передають скло на утилізацію — Довідник YOURECO,Куди передають скло на утилізацію,"Довідка для підприємств про «утилізацію скла»: що включає, як підготувати партію, правила зберігання, логістика, документи та типові помилки.",https://guide.youreco.com.ua/utylizaciya-skla.html,,no
utylizaciya-skladskyh-zalyshkiv.html,9887,519,Порядок утилізації складських залишків — Довідник YOURECO,Порядок утилізації складських залишків,"Довідка для підприємств про «утилізацію складських залишків»: що включає, як підготувати партію, правила зберігання, логістика, документи та типові помилки.",https://guide.youreco.com.ua/utylizaciya-skladskyh-zalyshkiv.html,,no
utylizaciya-sokiv-ta-napoyiv.html,12868,802,Куди передають соки та напої на утилізацію — Довідник YOURECO,Куди передають соки та напої на утилізацію,"Утилізація соків та напоїв: що приймають, як організувати збір/вивезення та які документи потрібні для підприємств. Поради та перелінковка довідника YOURECO.",https://guide.youreco.com.ua/utylizaciya-sokiv-ta-napoyiv.html,,no
utylizaciya-sokiv.html,9500,509,Куди передають соки на утилізацію — Довідник YOURECO,Куди передають соки на утилізацію,"Довідка для підприємств про «утилізацію соків»: що включає, як підготувати партію, правила зберігання, логістика, документи та типові помилки.",https://guide.youreco.com.ua/utylizaciya-sokiv.html,,no
utylizaciya-tovariv.html,9769,513,Порядок утилізації товарів для підприємств — Довідник YOURECO,Порядок утилізації товарів для підприємств,"Довідник для бізнесу: як списувати та утилізувати товари (продукти, косметика, одяг, меблі, документи) з правильними документами.",https://guide.youreco.com.ua/utylizaciya-tovariv.html,,no
utylizaciya-upakovky-na-pidpryyemstvi.html,9968,533,Порядок утилізації упаковки на підприємстві — Довідник YOURECO,Порядок утилізації упаковки на підприємстві,"Утилізація упаковки на підприємстві: підготовка партії, зберігання, логістика, документи та типові помилки.",https://guide.youreco.com.ua/utylizaciya-upakovky-na-pidpryyemstvi.html,,no
utylizaciya-upakovky-vid-kosmetyky.html,12013,774,Утилізація упаковки від косметики | YOURECO,Куди передають упаковку від косметики на утилізацію,"Довідка для підприємств про «утилізацію упаковки від косметики»: що включає, як підготувати партію, правила зберігання, логістика, документи та типові помилки.",https://guide.youreco.com.ua/utylizaciya-upakovky-vid-kosmetyky.html,,no
utylizaciya-vantazhnyh-shyn.html,11916,773,Куди передають вантажні шини на утилізацію — Довідник YOURECO,Куди передають вантажні шини на утилізацію,"Практичний гайд для бізнесу про «утилізацію вантажних шин»: класифікація шин/гуми, зберігання, підготовка до вивезення, маршрути переробки та документи.",https://guide.youreco.com.ua/utylizaciya-vantazhnyh-shyn.html,,no
utylizaciya-vidpracovanyh-masel.html,10216,520,Як оформлюється утилізація відпрацьованих олив — Довідник YOURECO,Як оформлюється утилізація відпрацьованих олив,"Утилізація відпрацьованих олив: що приймають, як організувати збір, вивезення та документи для підприємств.",https://guide.youreco.com.ua/utylizaciya-vidpracovanyh-masel.html,,no
utylizaciya-vody.html,12075,808,Порядок утилізації води та товарних залишків — Довідник YOURECO,Порядок утилізації води та товарних залишків,"Довідка для підприємств про «утилізацію води (товарні залишки)»: що включає, як підготувати партію, правила зберігання, логістика, документи та типові помилки.",https://guide.youreco.com.ua/utylizaciya-vody.html,,no
utylizaciya-vyrobnychyh-vidhodiv.html,10625,576,Утилізація виробничих відходів | YOURECO,Порядок утилізації виробничих відходів для підприємств,"Довідка для підприємств про «утилізацію виробничих відходів»: що включає, як підготувати партію, правила зберігання, логістика, документи та типові помилки.",https://guide.youreco.com.ua/utylizaciya-vyrobnychyh-vidhodiv.html,,no
utylizaciya-yagid.html,10401,533,Куди передають ягоди на утилізацію — Довідник YOURECO,Куди передають ягоди на утилізацію,"Довідка для підприємств про «утилізацію ягід»: що включає, як підготувати партію, правила зберігання, логістика, документи та типові помилки.",https://guide.youreco.com.ua/utylizaciya-yagid.html,,no
vidhody-demontazhu.html,8151,431,Відходи демонтажу | YOURECO,Відходи демонтажу: сортування та порядок передання,"Відходи демонтажу: сортування, утилізація, організація збору, вивезення та документи для підприємств.",https://guide.youreco.com.ua/vidhody-demontazhu.html,,no
vidhody-gumy.html,7563,452,Відходи гуми: що відноситься і як утилізують — Довідник YOURECO,Відходи гуми: що відноситься і як утилізують,"Відходи гуми: що відноситься до потоку, як їх утилізують, організовують збір, вивезення та документи.",https://guide.youreco.com.ua/vidhody-gumy.html,,no
vidhody-polimeriv.html,11481,911,Відходи полімерів — Довідник YOURECO,Відходи полімерів,"Гайд для підприємств про «відходи полімерів»: види полімерів, сортування, зберігання, підготовка до переробки, логістика та підтверджуючі документи.",https://guide.youreco.com.ua/vidhody-polimeriv.html,,no
vidhody-vyrobnyctva.html,7778,444,Відходи виробництва: класифікація та приклади — Довідник YOURECO,Відходи виробництва: класифікація та приклади,"Відходи виробництва: класифікація та приклади: що приймають, як організувати збір/вивезення та які документи потрібні для підприємств. Поради та перелінковка…",https://guide.youreco.com.ua/vidhody-vyrobnyctva.html,,no
vidy-kabelnyh-vidhodiv.html,10665,761,Види кабельних відходів — Довідник YOURECO,Види кабельних відходів,"Види кабельних відходів: класифікація, приклади з підприємств, як правильно сортувати та передавати на утилізацію.",https://guide.youreco.com.ua/vidy-kabelnyh-vidhodiv.html,,no
vidy-plastykovyh-vidhodiv.html,11664,940,Види пластикових відходів — Довідник YOURECO,Види пластикових відходів,"Види пластикових відходів: PET, HDPE, PP, PS та інші. Як відрізняти, сортувати й передавати на переробку підприємствам.",https://guide.youreco.com.ua/vidy-plastykovyh-vidhodiv.html,,no
vnutrishniy-akt-spysannya.html,8315,533,Внутрішній акт списання | YOURECO,Внутрішній акт списання: коли використовується перед передачею відходів,"Внутрішній акт списання: як підтвердити виведення матеріалів, обладнання або продукції з обліку перед утилізацією.",https://guide.youreco.com.ua/vnutrishniy-akt-spysannya.html,,no
vtorynna-syrovyna-z-budivelnyh-vidhodiv.html,8303,450,Вторинна сировина з будівельних відходів — Довідник YOURECO,Вторинна сировина з будівельних відходів,"Вторинна сировина з будівельних відходів: що можна повернути в обіг, як підготувати матеріали та які документи потрібні.",https://guide.youreco.com.ua/vtorynna-syrovyna-z-budivelnyh-vidhodiv.html,,no
vtorynna-syrovyna-z-vidhodiv.html,10390,508,Вторинна сировина з відходів — Довідник YOURECO,Вторинна сировина з відходів,"Довідка для підприємств про «вторинна сировина з відходів»: що включає, як підготувати партію, правила зберігання, логістика, документи та типові помилки.",https://guide.youreco.com.ua/vtorynna-syrovyna-z-vidhodiv.html,,no
vymogy-do-zberigannya-vidhodiv.html,12542,821,Вимоги до зберігання відходів — Довідник YOURECO,Вимоги до зберігання відходів,"Довідка для підприємств про «вимоги до зберігання відходів»: що включає, як підготувати партію, правила зберігання, логістика, документи та типові помилки.",https://guide.youreco.com.ua/vymogy-do-zberigannya-vidhodiv.html,,no
vyviz-budivelnyh-vidhodiv.html,12043,902,Передання будівельних відходів | YOURECO,Як організовується передання будівельних відходів,"Вивіз будівельних відходів: як організувати контейнер, сортування, графік вивезення та пакет документів для підприємств.",https://guide.youreco.com.ua/vyviz-budivelnyh-vidhodiv.html,,no
yak-vidbuvayetsya-utylizaciya-produkciyi.html,13740,982,Як відбувається утилізація продукції — етапи для підприємств,Як відбувається утилізація продукції,"Етапи утилізації продукції для підприємств: рішення, документи, підготовка партії, передача виконавцю та підтвердження.",https://guide.youreco.com.ua/yak-vidbuvayetsya-utylizaciya-produkciyi.html,,no
zberigannya-vidpracovanyh-masel.html,11475,910,Зберігання відпрацьованих олив — Довідник YOURECO,Зберігання відпрацьованих олив,"Зберігання відпрацьованих олив: тара, маркування, вимоги безпеки та підготовка до передачі на утилізацію.",https://guide.youreco.com.ua/zberigannya-vidpracovanyh-masel.html,,no
zbir-kabelyu.html,9545,498,Збір кабелю — Довідник YOURECO,Збір кабелю,"Гайд для бізнесу про «збір кабелю»: що відноситься до кабельних відходів, як зберігати та передавати, як оформити документи і організувати логістику.",https://guide.youreco.com.ua/zbir-kabelyu.html,,no
zbir-kartonu-na-pidpryyemstvi.html,10358,505,Збір картону на підприємстві — Довідник YOURECO,Збір картону на підприємстві,"Довідка для підприємств про «збір картону на підприємстві»: що включає, як підготувати партію, правила зберігання, логістика, документи та типові помилки.",https://guide.youreco.com.ua/zbir-kartonu-na-pidpryyemstvi.html,,no
zbir-metalu-na-pidpryyemstvi.html,9783,507,Збір металу на підприємстві — Довідник YOURECO,Збір металу на підприємстві,"Довідка для підприємств про «збір металу на підприємстві»: що включає, як підготувати партію, правила зберігання, логістика, документи та типові помилки.",https://guide.youreco.com.ua/zbir-metalu-na-pidpryyemstvi.html,,no
zbir-plastyku-na-pidpryyemstvi.html,9905,501,Збір пластику на підприємстві — Довідник YOURECO,Збір пластику на підприємстві,"Гайд для підприємств про «збір пластику на підприємстві»: види полімерів, сортування, зберігання, підготовка до переробки, логістика та підтверджуючі документи.",https://guide.youreco.com.ua/zbir-plastyku-na-pidpryyemstvi.html,,no
zbir-promyslovyh-vidhodiv.html,10935,546,Збір промислових відходів | YOURECO,Збір промислових відходів: організація та вимоги,"Збір промислових відходів: організація, вимоги, вивезення та документи для підприємств.",https://guide.youreco.com.ua/zbir-promyslovyh-vidhodiv.html,,no
zbir-shyn-na-pidpryyemstvi.html,10215,511,Збір шин на підприємстві — Довідник YOURECO,Збір шин на підприємстві,"Практичний гайд для бізнесу про «збір шин на підприємстві»: класифікація шин/гуми, зберігання, підготовка до вивезення, маршрути переробки та документи.",https://guide.youreco.com.ua/zbir-shyn-na-pidpryyemstvi.html,,no
zbir-sklyanoyi-tary.html,10166,520,Збір скляної тари — Довідник YOURECO,Збір скляної тари,"Довідка для підприємств про «збір скляної тари»: що включає, як підготувати партію, правила зберігання, логістика, документи та типові помилки.",https://guide.youreco.com.ua/zbir-sklyanoyi-tary.html,,no
zbir-vidpracovanoyi-olyvy.html,10015,504,Збір відпрацьованої оливи — Довідник YOURECO,Збір відпрацьованої оливи,"Збір відпрацьованої оливи: що приймають, як організувати збір/вивезення та які документи потрібні для підприємств. Поради та перелінковка довідника YOURECO.",https://guide.youreco.com.ua/zbir-vidpracovanoyi-olyvy.html,,no
znyshchennya-kosmetyky.html,8125,432,Знищення косметики | YOURECO,Знищення косметики: коли потрібне і які документи,"Знищення косметики: коли потрібне, як організувати збір і вивезення та які документи потрібні підприємству.",https://guide.youreco.com.ua/znyshchennya-kosmetyky.html,,no
